guard	site
g191	0x80003404
g212	0x80003478
g309	0x80003404
g347	0x80003478
g472	0x80003e50
g814	0x80003404
g872	0x80003404
g1091	0x80003bf4
g1242	0x80003404
g1344	0x80003da4
g1502	0x80003404
g1509	0x80003c80
g1514	0x80003f5c
g1566	0x80003e9c
g1579	0x80003d74
g1609	0x80003da4
g1673	0x80003c80
g1684	0x80003f5c
g1695	0x80003c14
g1782	0x80003404
g1792	0x80003bf4
g1835	0x80003da4
g1889	0x80003dec
g1891	0x80003d74
g1909	0x80003404
g2076	0x80003bf4
g2078	0x80003e9c
g2092	0x80003e80
g2126	0x80003dec
g2128	0x80003d74
g2215	0x80003c60
g2222	0x80003f3c
g2242	0x80003bf4
g2262	0x80003404
g2269	0x80003e9c
g2327	0x80003dec
g2329	0x80003d74
g2490	0x80003404
g2546	0x80003e9c
g2557	0x80003e50
g2704	0x80003404
g2714	0x80003bf4
g2719	0x80003e80
g2754	0x80003e50
g2764	0x80003dec
g2766	0x80003d74
g2822	0x80003404
g2829	0x80003bf4
g2855	0x80003e80
g2930	0x80003dec
g2932	0x80003d74
g2934	0x80003bf4
g2936	0x80003404
g3010	0x80003e50
g3033	0x80003404
g3074	0x80003dec
g3076	0x80003d74
g3094	0x80003e50
g3101	0x80003404
g3136	0x80003404
g3157	0x80003404
g3174	0x80003404
g3186	0x80003404
