file	lines	omega	decide	bv_decide	simp	norm_num	decision_total
Vsa/Sim/SnprintfSpec17.lean	2240	73	3121	0	1	0	3194
Vsa/Sim/SnprintfSpec49.lean	1347	61	2550	0	1	0	2611
Vsa/Sim/JmpSpec.lean	1536	156	2274	0	3	0	2430
Vsa/Sim/ExecBrkCont.lean	1549	161	1818	0	62	0	1979
Vsa/Sim/SnprintfSpec5.lean	1533	227	1634	0	47	0	1861
Vsa/Sim/StrlenSpec.lean	2187	149	1579	0	34	0	1728
Vsa/Sim/SnprintfSpec3.lean	1470	34	1561	0	18	0	1595
Vsa/Sim/StrlenSpecU.lean	1730	137	1452	0	27	0	1589
Vsa/Sim/EvalCallNative2.lean	1406	309	1269	0	18	0	1578
Vsa/Sim/SnprintfSpec43.lean	998	67	1486	0	6	0	1553
Vsa/Sim/SnprintfSpec45.lean	976	58	1490	0	6	0	1548
Vsa/Sim/SnprintfSpec7.lean	1031	94	1428	0	5	0	1522
Vsa/Sim/EvalIntSim2.lean	1051	192	1234	0	139	0	1426
Vsa/Sim/SnprintfSpec46.lean	918	83	1274	0	0	0	1357
Vsa/Sim/DivSpec3.lean	1612	86	1227	0	31	0	1313
Vsa/Sim/StrcmpSpecW2.lean	1153	25	1278	0	17	0	1303
Vsa/Sim/EnvGetSpec7.lean	941	109	1163	0	11	0	1272
Vsa/Sim/ExecDispatch.lean	896	73	1184	0	15	0	1257
Vsa/Sim/StrcmpSites.lean	3558	0	1235	0	0	0	1235
Vsa/Sim/StrcpySpecW3.lean	1238	98	1116	0	17	0	1214
Vsa/Sim/SnprintfSpec11.lean	1258	48	1157	0	1	0	1205
Vsa/Sim/StrcpySpecW2.lean	884	62	1114	0	13	0	1176
Vsa/Sim/MemcpySpec4.lean	836	23	1142	0	5	0	1165
Vsa/Sim/SnprintfSpec19.lean	1071	166	990	0	4	0	1156
Vsa/Sim/SnprintfSpec16.lean	1347	10	1134	0	2	0	1144
Vsa/Sim/StrcmpSpecW3.lean	1551	113	994	0	47	0	1107
Vsa/Sim/SnprintfSpec20.lean	2442	475	562	0	10	0	1037
Vsa/Sim/EnvGetSpec6.lean	1113	133	828	0	9	0	961
Vsa/Sim/SnprintfSpec18.lean	1481	46	894	0	12	0	940
Vsa/Sim/SnprintfSitesPro.lean	2623	0	928	0	0	0	928
Vsa/Sim/StrcpySites.lean	2899	0	918	0	2	0	918
Vsa/Sim/EvalAndSim.lean	1469	211	674	0	7	0	885
Vsa/Sim/EvalVarSim.lean	1632	83	784	0	23	0	867
Vsa/Sim/DivSpec.lean	825	4	855	0	8	0	859
Vsa/Sim/StrlenSites.lean	2823	0	775	0	0	0	775
Vsa/Sim/EvalOrSim.lean	1144	181	536	0	5	0	717
Vsa/Sim/EvalBinSim.lean	1017	214	498	0	9	0	712
Vsa/Sim/EnvNewSpec.lean	1197	130	570	0	49	0	700
Vsa/Sim/EvalLogical4.lean	1342	244	429	0	13	0	673
Vsa/Sim/EvalNotSim.lean	1222	178	495	0	13	0	673
Vsa/Sim/SnprintfSpec15.lean	967	43	609	0	7	0	652
Vsa/Sim/EvalLogical3.lean	1308	244	392	0	13	0	636
Vsa/Sim/SsprintSites.lean	1865	0	629	0	0	0	629
Vsa/Sim/ExecRet.lean	801	105	516	0	14	0	621
Vsa/Sim/ExecRetNull.lean	759	105	516	0	14	0	621
Vsa/Sim/SnprintfSpec35.lean	442	588	27	0	0	0	615
Vsa/Sim/EnvGetSites2.lean	2190	0	611	0	0	0	611
Vsa/Sim/SnprintfSitesWrap.lean	1759	0	603	0	0	0	603
Vsa/Sim/CmpTailSitesGen.lean	1626	0	595	0	0	0	595
Vsa/Sim/ValueEqualSpec.lean	823	24	568	0	19	0	592
Vsa/Sim/SnprintfSpec50.lean	1381	256	315	0	2	0	571
Vsa/Sim/EnvDefSites.lean	1633	0	569	0	0	0	569
Vsa/Sim/MemcpySpec3.lean	605	33	516	0	5	0	549
Vsa/Sim/AddTailSites.lean	1509	0	525	0	0	0	525
Vsa/Sim/Exec_stmtSites.lean	1497	0	518	0	0	0	518
Vsa/Sim/SnprintfSpec14.lean	549	4	513	0	1	0	517
Vsa/Sim/SnprintfSitesRet.lean	1491	0	504	0	0	0	504
Vsa/Sim/LogicalSites.lean	1338	0	475	0	0	0	475
Vsa/Sim/ValueSpec.lean	1058	146	328	0	100	0	474
Vsa/Sim/BlockPilot.lean	863	11	453	0	5	0	464
Vsa/Sim/NativeAssertSites.lean	1324	0	451	0	0	0	451
Vsa/Sim/SnprintfSpec12.lean	527	12	436	0	0	0	448
Vsa/Sim/StrcmpSpec.lean	1163	53	394	0	36	0	447
Vsa/Sim/StrcmpSpecW.lean	794	30	415	0	8	0	445
Vsa/Sim/JmpSites.lean	1630	0	441	0	0	0	441
Vsa/Sim/Muldi3Spec.lean	960	4	433	0	14	0	437
Vsa/Sim/ValueSites.lean	1500	0	419	0	2	0	419
Vsa/Sim/EvalSimCommon.lean	931	86	332	0	133	0	418
Vsa/Sim/EvalExprSites.lean	1276	0	415	0	0	0	415
Vsa/Sim/EvalLogical2.lean	727	111	295	0	0	0	406
Vsa/Sim/ValueEqualSites.lean	1216	0	405	0	0	0	405
Vsa/Sim/rows/EvalMulRow.lean	909	13	371	0	3	0	384
Vsa/Sim/SnprintfSpec4.lean	563	9	373	0	15	0	382
Vsa/Sim/MemcpySpec.lean	827	36	340	0	26	0	376
Vsa/Sim/Exec_stmtSites2.lean	1092	0	373	0	0	0	373
Vsa/Sim/ValueTruthySpec.lean	766	35	336	0	53	0	371
Vsa/Sim/SsputsSites.lean	1106	0	368	0	0	0	368
Vsa/Sim/EnvGetSpec8.lean	718	16	349	0	1	0	365
Vsa/Sim/ExecRecCommon.lean	667	59	304	0	29	0	363
Vsa/Sim/LogicalSites2.lean	1007	0	359	0	0	0	359
Vsa/Sim/StrcpySpec.lean	891	28	331	0	32	0	359
Vsa/Sim/SnprintfSpec37.lean	921	272	74	0	24	0	346
Vsa/Sim/MemcpySpec2.lean	540	64	272	0	21	0	336
Vsa/Sim/DivSites.lean	1040	0	335	0	0	0	335
Vsa/Sim/SnprintfSpec40.lean	950	210	124	0	20	0	334
Vsa/Sim/EnvGetSpec4.lean	569	10	322	0	4	0	332
Vsa/Sim/SnprintfSpec10.lean	453	32	291	0	1	0	323
Vsa/Sim/DivSites3.lean	868	0	319	0	0	0	319
Vsa/Sim/SnprintfSpec9.lean	437	45	269	0	2	0	314
Vsa/Sim/BlockMem.lean	1669	39	270	0	14	0	309
Vsa/Sim/StepBeq.lean	659	1	308	0	49	0	309
Vsa/Sim/rows/EvalGeRow.lean	855	171	130	0	0	0	301
Vsa/Sim/SnprintfSitesFlush.lean	995	0	298	0	0	0	298
Vsa/Sim/StrcmpSpecW4.lean	576	23	273	0	8	0	296
Vsa/Sim/SnprintfSitesPrint.lean	799	0	294	0	0	0	294
Vsa/Sim/EvalBoolSim.lean	709	41	251	0	20	0	292
Vsa/Sim/rows/EvalGtRow.lean	839	168	124	0	0	0	292
Vsa/Sim/rows/EvalLeRow.lean	840	168	124	0	0	0	292
Vsa/Sim/rows/EvalLtRow.lean	835	168	124	0	0	0	292
Vsa/Sim/ExecBlockSites.lean	748	0	270	0	0	0	270
Vsa/Sim/StepAddi.lean	476	0	265	0	38	0	265
Vsa/Sim/rows/EvalAddRow.lean	857	142	121	0	1	0	263
Vsa/Sim/rows/EvalSubRow.lean	854	142	121	0	1	0	263
Vsa/Sim/EvalStrSim.lean	693	44	217	0	10	0	261
Vsa/Sim/DecodePilot.lean	2025	65	195	0	195	0	260
Vsa/Sim/NativeWrapperSites.lean	739	0	255	0	0	0	255
Vsa/Sim/DecodeTable/Batch17.lean	1849	63	189	0	189	0	252
Vsa/Sim/Exec_stmtSites3.lean	704	0	245	0	0	0	245
Vsa/Sim/SnprintfSpec13.lean	504	0	244	0	2	0	244
Vsa/Sim/SubTailSites.lean	744	0	241	0	0	0	241
Vsa/Sim/EnvDefSpec4.lean	807	39	201	0	35	0	240
Vsa/Sim/SnprintfSpec52.lean	691	185	55	0	11	0	240
Vsa/Sim/ValueEqualSpec3.lean	659	51	184	0	24	0	235
Vsa/Sim/NegTailSites.lean	691	0	234	0	0	0	234
Vsa/Sim/MemcpySites4.lean	761	0	227	0	0	0	227
Vsa/Sim/SnprintfSpec30.lean	537	186	36	0	0	0	222
Vsa/Sim/SnprintfSpec24.lean	585	87	134	0	0	0	221
Vsa/Sim/SnprintfSpec6.lean	325	7	207	0	0	0	214
Vsa/Sim/ValueEqualSpec2.lean	607	21	189	0	7	0	210
Vsa/Sim/SnprintfSpec25.lean	476	183	22	0	9	0	205
Vsa/Sim/SnprintfSites.lean	668	0	203	0	0	0	203
Vsa/Sim/SnprintfSpec29.lean	594	116	85	0	44	0	201
Vsa/Sim/SnprintfSpec36.lean	527	174	27	0	0	0	201
Vsa/Sim/SnprintfSpec47.lean	161	1	200	0	1	0	201
Vsa/Sim/MemcpySites2.lean	803	0	200	0	1	0	200
Vsa/Sim/EvalLtChain.lean	1013	0	198	0	0	0	198
Vsa/Sim/SnprintfSpec27.lean	553	122	69	0	0	0	191
Vsa/Sim/SnprintfSitesPro3.lean	536	0	186	0	0	0	186
Vsa/Sim/BinHeadSites.lean	545	0	184	0	0	0	184
Vsa/Sim/EnvNewSites.lean	692	0	184	0	0	0	184
Vsa/Sim/SnprintfSites3.lean	711	0	184	0	0	0	184
Vsa/Sim/EvalGtChain.lean	1128	0	183	0	0	0	183
Vsa/Sim/SnprintfSpec31.lean	475	130	50	0	0	0	180
Vsa/Sim/SnprintfSpec28.lean	562	19	160	0	1	0	179
Vsa/Sim/SnprintfSpec51.lean	355	156	22	0	0	0	178
Vsa/Sim/rows/EvalDivRow.lean	806	28	148	0	16	0	176
Vsa/Sim/EvalGeChain.lean	871	1	171	0	0	0	172
Vsa/Sim/MemcpySites.lean	647	0	169	0	1	0	169
Vsa/Sim/EvalLeChain.lean	942	0	168	0	0	0	168
Vsa/Sim/rows/EvalModRow.lean	695	20	148	0	2	0	168
Vsa/Sim/EqNeTailSites.lean	439	0	162	0	0	0	162
Vsa/Sim/NotTailSites.lean	469	0	159	0	0	0	159
Vsa/Sim/CmpTailSites.lean	386	0	154	0	0	0	154
Vsa/Sim/rows/EvalEqNeRow.lean	734	25	128	0	2	0	153
Vsa/Sim/EvalAddChain.lean	801	27	125	0	0	0	152
Vsa/Sim/Muldi3Sites.lean	621	0	146	0	0	0	146
Vsa/Sim/StepJump.lean	1330	0	144	0	67	0	144
Vsa/Sim/SnprintfSitesFast.lean	391	0	141	0	0	0	141
Vsa/Sim/EnvGetSites.lean	404	0	139	0	0	0	139
Vsa/Sim/EvalNegSim.lean	358	9	130	0	1	0	139
Vsa/Sim/EvalNegSim2.lean	566	60	79	0	5	0	139
Vsa/Sim/ExitPathSeg.lean	374	0	135	0	0	0	135
Vsa/Sim/SnprintfSpec22.lean	527	35	97	0	6	0	132
Vsa/Sim/SnprintfSpec42.lean	420	115	9	0	5	0	124
Vsa/Sim/SnprintfSpec26.lean	526	94	28	0	33	0	122
Vsa/Sim/SnprintfSpec32.lean	460	25	96	0	4	0	121
Vsa/Sim/MemStore.lean	2024	22	98	0	241	0	120
Vsa/Sim/SnprintfSpec54.lean	404	111	9	0	3	0	120
Vsa/Sim/SnprintfSpec2.lean	429	5	114	0	3	0	119
Vsa/Sim/EvalSubChain.lean	707	27	91	0	0	0	118
Vsa/Sim/SnprintfSitesPro4.lean	331	0	115	0	0	0	115
Vsa/Sim/ValueEqualSites3.lean	377	0	114	0	0	0	114
Vsa/Sim/EvalMulChain.lean	688	27	84	0	0	0	111
Vsa/Sim/MemcpySites3.lean	345	0	111	0	0	0	111
Vsa/Sim/MulTailSites.lean	284	0	111	0	0	0	111
Vsa/Sim/SnprintfSitesFast2.lean	292	0	110	0	0	0	110
Vsa/Sim/EvalIntSim4.lean	260	11	97	0	0	0	108
Vsa/Sim/DivSpec2.lean	202	0	107	0	0	0	107
Vsa/Sim/EvalAndChain.lean	656	51	54	0	0	0	105
Vsa/Sim/EvalRecCommon.lean	514	36	68	0	1	0	104
Vsa/Sim/SnprintfSpec33.lean	384	20	83	0	1	0	103
Vsa/Sim/ExecBlock.lean	450	21	81	0	2	0	102
Vsa/Sim/DivSites2.lean	417	0	101	0	3	0	101
Vsa/Sim/ValueEqualSpec4.lean	365	6	95	0	0	0	101
Vsa/Sim/EvalNullSim.lean	396	21	79	0	8	0	100
Vsa/Sim/SnprintfSitesRet5.lean	407	1	91	0	6	0	92
Vsa/Sim/BlockTerm.lean	1075	11	77	0	0	0	88
Vsa/Sim/EnvDefSpec15.lean	77	0	87	0	0	0	87
Vsa/Sim/SnprintfProCommon.lean	333	82	3	0	16	0	85
Vsa/Sim/ErrorTail.lean	487	2	82	0	18	0	84
Vsa/Sim/TermEntry.lean	537	2	82	0	18	0	84
Vsa/Sim/SnprintfSitesRet4.lean	265	0	82	0	0	0	82
Vsa/Sim/DivTailSites.lean	216	0	81	0	0	0	81
Vsa/Sim/ModTailSites.lean	216	0	81	0	0	0	81
Vsa/Sim/Regions.lean	548	78	2	0	70	0	80
Vsa/Sim/DivLoops.lean	560	29	50	0	23	0	79
Vsa/Sim/FrameOn.lean	412	78	0	0	19	0	78
Vsa/Sim/MemLoad.lean	1084	22	54	0	109	0	76
Vsa/Sim/SnprintfSpec41.lean	308	30	44	0	1	0	74
Vsa/Sim/EvalOrChain.lean	386	50	23	0	0	0	73
Vsa/Sim/SnprintfSitesRet2.lean	225	0	71	0	0	0	71
Vsa/Sim/DecodeTable/Batch01Part01.lean	484	16	48	0	48	0	64
Vsa/Sim/DecodeTable/Batch01Part02.lean	484	16	48	0	48	0	64
Vsa/Sim/DecodeTable/Batch01Part03.lean	484	16	48	0	48	0	64
Vsa/Sim/DecodeTable/Batch01Part04.lean	484	16	48	0	48	0	64
Vsa/Sim/DecodeTable/Batch01Part05.lean	484	16	48	0	48	0	64
Vsa/Sim/DecodeTable/Batch01Part06.lean	484	16	48	0	48	0	64
Vsa/Sim/DecodeTable/Batch01Part07.lean	484	16	48	0	48	0	64
Vsa/Sim/DecodeTable/Batch01Part08.lean	484	16	48	0	48	0	64
Vsa/Sim/DecodeTable/Batch01Part09.lean	484	16	48	0	48	0	64
Vsa/Sim/DecodeTable/Batch01Part10.lean	484	16	48	0	48	0	64
Vsa/Sim/DecodeTable/Batch01Part11.lean	484	16	48	0	48	0	64
Vsa/Sim/DecodeTable/Batch01Part12.lean	484	16	48	0	48	0	64
Vsa/Sim/DecodeTable/Batch01Part13.lean	484	16	48	0	48	0	64
Vsa/Sim/DecodeTable/Batch01Part14.lean	484	16	48	0	48	0	64
Vsa/Sim/DecodeTable/Batch01Part15.lean	484	16	48	0	48	0	64
Vsa/Sim/DecodeTable/Batch01Part16.lean	484	16	48	0	48	0	64
Vsa/Sim/DecodeTable/Batch01Part17.lean	484	16	48	0	48	0	64
Vsa/Sim/DecodeTable/Batch01Part18.lean	484	16	48	0	48	0	64
Vsa/Sim/DecodeTable/Batch01Part19.lean	484	16	48	0	48	0	64
Vsa/Sim/DecodeTable/Batch01Part20.lean	484	16	48	0	48	0	64
Vsa/Sim/DecodeTable/Batch01Part21.lean	484	16	48	0	48	0	64
Vsa/Sim/DecodeTable/Batch01Part22.lean	484	16	48	0	48	0	64
Vsa/Sim/DecodeTable/Batch01Part23.lean	484	16	48	0	48	0	64
Vsa/Sim/DecodeTable/Batch01Part24.lean	484	16	48	0	48	0	64
Vsa/Sim/DecodeTable/Batch01Part25.lean	484	16	48	0	48	0	64
Vsa/Sim/DecodeTable/Batch01Part26.lean	484	16	48	0	48	0	64
Vsa/Sim/DecodeTable/Batch01Part27.lean	484	16	48	0	48	0	64
Vsa/Sim/DecodeTable/Batch01Part28.lean	484	16	48	0	48	0	64
Vsa/Sim/DecodeTable/Batch01Part29.lean	484	16	48	0	48	0	64
Vsa/Sim/DecodeTable/Batch01Part30.lean	484	16	48	0	48	0	64
Vsa/Sim/DecodeTable/Batch01Part31.lean	484	16	48	0	48	0	64
Vsa/Sim/DecodeTable/Batch01Part32.lean	484	16	48	0	48	0	64
Vsa/Sim/DecodeTable/Batch02Part01.lean	484	16	48	0	48	0	64
Vsa/Sim/DecodeTable/Batch02Part02.lean	484	16	48	0	48	0	64
Vsa/Sim/DecodeTable/Batch02Part03.lean	484	16	48	0	48	0	64
Vsa/Sim/DecodeTable/Batch02Part04.lean	484	16	48	0	48	0	64
Vsa/Sim/DecodeTable/Batch02Part05.lean	484	16	48	0	48	0	64
Vsa/Sim/DecodeTable/Batch02Part06.lean	484	16	48	0	48	0	64
Vsa/Sim/DecodeTable/Batch02Part07.lean	484	16	48	0	48	0	64
Vsa/Sim/DecodeTable/Batch02Part08.lean	484	16	48	0	48	0	64
Vsa/Sim/DecodeTable/Batch02Part09.lean	484	16	48	0	48	0	64
Vsa/Sim/DecodeTable/Batch02Part10.lean	484	16	48	0	48	0	64
Vsa/Sim/DecodeTable/Batch02Part11.lean	484	16	48	0	48	0	64
Vsa/Sim/DecodeTable/Batch02Part12.lean	484	16	48	0	48	0	64
Vsa/Sim/DecodeTable/Batch02Part13.lean	484	16	48	0	48	0	64
Vsa/Sim/DecodeTable/Batch02Part14.lean	484	16	48	0	48	0	64
Vsa/Sim/DecodeTable/Batch02Part15.lean	484	16	48	0	48	0	64
Vsa/Sim/DecodeTable/Batch02Part16.lean	484	16	48	0	48	0	64
Vsa/Sim/DecodeTable/Batch02Part17.lean	484	16	48	0	48	0	64
Vsa/Sim/DecodeTable/Batch02Part18.lean	484	16	48	0	48	0	64
Vsa/Sim/DecodeTable/Batch02Part19.lean	484	16	48	0	48	0	64
Vsa/Sim/DecodeTable/Batch02Part20.lean	484	16	48	0	48	0	64
Vsa/Sim/DecodeTable/Batch02Part21.lean	484	16	48	0	48	0	64
Vsa/Sim/DecodeTable/Batch02Part22.lean	484	16	48	0	48	0	64
Vsa/Sim/DecodeTable/Batch02Part23.lean	484	16	48	0	48	0	64
Vsa/Sim/DecodeTable/Batch02Part24.lean	484	16	48	0	48	0	64
Vsa/Sim/DecodeTable/Batch02Part25.lean	484	16	48	0	48	0	64
Vsa/Sim/DecodeTable/Batch02Part26.lean	484	16	48	0	48	0	64
Vsa/Sim/DecodeTable/Batch02Part27.lean	484	16	48	0	48	0	64
Vsa/Sim/DecodeTable/Batch02Part28.lean	484	16	48	0	48	0	64
Vsa/Sim/DecodeTable/Batch02Part29.lean	484	16	48	0	48	0	64
Vsa/Sim/DecodeTable/Batch02Part30.lean	484	16	48	0	48	0	64
Vsa/Sim/DecodeTable/Batch02Part31.lean	484	16	48	0	48	0	64
Vsa/Sim/DecodeTable/Batch02Part32.lean	484	16	48	0	48	0	64
Vsa/Sim/DecodeTable/Batch03Part01.lean	484	16	48	0	48	0	64
Vsa/Sim/DecodeTable/Batch03Part02.lean	484	16	48	0	48	0	64
Vsa/Sim/DecodeTable/Batch03Part03.lean	484	16	48	0	48	0	64
Vsa/Sim/DecodeTable/Batch03Part04.lean	484	16	48	0	48	0	64
Vsa/Sim/DecodeTable/Batch03Part05.lean	484	16	48	0	48	0	64
Vsa/Sim/DecodeTable/Batch03Part06.lean	484	16	48	0	48	0	64
Vsa/Sim/DecodeTable/Batch03Part07.lean	484	16	48	0	48	0	64
Vsa/Sim/DecodeTable/Batch03Part08.lean	484	16	48	0	48	0	64
Vsa/Sim/DecodeTable/Batch03Part09.lean	484	16	48	0	48	0	64
Vsa/Sim/DecodeTable/Batch03Part10.lean	484	16	48	0	48	0	64
Vsa/Sim/DecodeTable/Batch03Part11.lean	484	16	48	0	48	0	64
Vsa/Sim/DecodeTable/Batch03Part12.lean	484	16	48	0	48	0	64
Vsa/Sim/DecodeTable/Batch03Part13.lean	484	16	48	0	48	0	64
Vsa/Sim/DecodeTable/Batch03Part14.lean	484	16	48	0	48	0	64
Vsa/Sim/DecodeTable/Batch03Part15.lean	484	16	48	0	48	0	64
Vsa/Sim/DecodeTable/Batch03Part16.lean	484	16	48	0	48	0	64
Vsa/Sim/DecodeTable/Batch03Part17.lean	484	16	48	0	48	0	64
Vsa/Sim/DecodeTable/Batch03Part18.lean	484	16	48	0	48	0	64
Vsa/Sim/DecodeTable/Batch03Part19.lean	484	16	48	0	48	0	64
Vsa/Sim/DecodeTable/Batch03Part20.lean	484	16	48	0	48	0	64
Vsa/Sim/DecodeTable/Batch03Part21.lean	484	16	48	0	48	0	64
Vsa/Sim/DecodeTable/Batch03Part22.lean	484	16	48	0	48	0	64
Vsa/Sim/DecodeTable/Batch03Part23.lean	484	16	48	0	48	0	64
Vsa/Sim/DecodeTable/Batch03Part24.lean	484	16	48	0	48	0	64
Vsa/Sim/DecodeTable/Batch03Part25.lean	484	16	48	0	48	0	64
Vsa/Sim/DecodeTable/Batch03Part26.lean	484	16	48	0	48	0	64
Vsa/Sim/DecodeTable/Batch03Part27.lean	484	16	48	0	48	0	64
Vsa/Sim/DecodeTable/Batch03Part28.lean	484	16	48	0	48	0	64
Vsa/Sim/DecodeTable/Batch03Part29.lean	484	16	48	0	48	0	64
Vsa/Sim/DecodeTable/Batch03Part30.lean	484	16	48	0	48	0	64
Vsa/Sim/DecodeTable/Batch03Part31.lean	484	16	48	0	48	0	64
Vsa/Sim/DecodeTable/Batch03Part32.lean	484	16	48	0	48	0	64
Vsa/Sim/DecodeTable/Batch04Part01.lean	484	16	48	0	48	0	64
Vsa/Sim/DecodeTable/Batch04Part02.lean	484	16	48	0	48	0	64
Vsa/Sim/DecodeTable/Batch04Part03.lean	484	16	48	0	48	0	64
Vsa/Sim/DecodeTable/Batch04Part04.lean	484	16	48	0	48	0	64
Vsa/Sim/DecodeTable/Batch04Part05.lean	484	16	48	0	48	0	64
Vsa/Sim/DecodeTable/Batch04Part06.lean	484	16	48	0	48	0	64
Vsa/Sim/DecodeTable/Batch04Part07.lean	484	16	48	0	48	0	64
Vsa/Sim/DecodeTable/Batch04Part08.lean	484	16	48	0	48	0	64
Vsa/Sim/DecodeTable/Batch04Part09.lean	484	16	48	0	48	0	64
Vsa/Sim/DecodeTable/Batch04Part10.lean	484	16	48	0	48	0	64
Vsa/Sim/DecodeTable/Batch04Part11.lean	484	16	48	0	48	0	64
Vsa/Sim/DecodeTable/Batch04Part12.lean	484	16	48	0	48	0	64
Vsa/Sim/DecodeTable/Batch04Part13.lean	484	16	48	0	48	0	64
Vsa/Sim/DecodeTable/Batch04Part14.lean	484	16	48	0	48	0	64
Vsa/Sim/DecodeTable/Batch04Part15.lean	484	16	48	0	48	0	64
Vsa/Sim/DecodeTable/Batch04Part16.lean	484	16	48	0	48	0	64
Vsa/Sim/DecodeTable/Batch04Part17.lean	484	16	48	0	48	0	64
Vsa/Sim/DecodeTable/Batch04Part18.lean	484	16	48	0	48	0	64
Vsa/Sim/DecodeTable/Batch04Part19.lean	484	16	48	0	48	0	64
Vsa/Sim/DecodeTable/Batch04Part20.lean	484	16	48	0	48	0	64
Vsa/Sim/DecodeTable/Batch04Part21.lean	484	16	48	0	48	0	64
Vsa/Sim/DecodeTable/Batch04Part22.lean	484	16	48	0	48	0	64
Vsa/Sim/DecodeTable/Batch04Part23.lean	484	16	48	0	48	0	64
Vsa/Sim/DecodeTable/Batch04Part24.lean	484	16	48	0	48	0	64
Vsa/Sim/DecodeTable/Batch04Part25.lean	484	16	48	0	48	0	64
Vsa/Sim/DecodeTable/Batch04Part26.lean	484	16	48	0	48	0	64
Vsa/Sim/DecodeTable/Batch04Part27.lean	484	16	48	0	48	0	64
Vsa/Sim/DecodeTable/Batch04Part28.lean	484	16	48	0	48	0	64
Vsa/Sim/DecodeTable/Batch04Part29.lean	484	16	48	0	48	0	64
Vsa/Sim/DecodeTable/Batch04Part30.lean	484	16	48	0	48	0	64
Vsa/Sim/DecodeTable/Batch04Part31.lean	484	16	48	0	48	0	64
Vsa/Sim/DecodeTable/Batch04Part32.lean	484	16	48	0	48	0	64
Vsa/Sim/DecodeTable/Batch05Part01.lean	484	16	48	0	48	0	64
Vsa/Sim/DecodeTable/Batch05Part02.lean	484	16	48	0	48	0	64
Vsa/Sim/DecodeTable/Batch05Part03.lean	484	16	48	0	48	0	64
Vsa/Sim/DecodeTable/Batch05Part04.lean	484	16	48	0	48	0	64
Vsa/Sim/DecodeTable/Batch05Part05.lean	484	16	48	0	48	0	64
Vsa/Sim/DecodeTable/Batch05Part06.lean	484	16	48	0	48	0	64
Vsa/Sim/DecodeTable/Batch05Part07.lean	484	16	48	0	48	0	64
Vsa/Sim/DecodeTable/Batch05Part08.lean	484	16	48	0	48	0	64
Vsa/Sim/DecodeTable/Batch05Part09.lean	484	16	48	0	48	0	64
Vsa/Sim/DecodeTable/Batch05Part10.lean	484	16	48	0	48	0	64
Vsa/Sim/DecodeTable/Batch05Part11.lean	484	16	48	0	48	0	64
Vsa/Sim/DecodeTable/Batch05Part12.lean	484	16	48	0	48	0	64
Vsa/Sim/DecodeTable/Batch05Part13.lean	484	16	48	0	48	0	64
Vsa/Sim/DecodeTable/Batch05Part14.lean	484	16	48	0	48	0	64
Vsa/Sim/DecodeTable/Batch05Part15.lean	484	16	48	0	48	0	64
Vsa/Sim/DecodeTable/Batch05Part16.lean	484	16	48	0	48	0	64
Vsa/Sim/DecodeTable/Batch05Part17.lean	484	16	48	0	48	0	64
Vsa/Sim/DecodeTable/Batch05Part18.lean	484	16	48	0	48	0	64
Vsa/Sim/DecodeTable/Batch05Part19.lean	484	16	48	0	48	0	64
Vsa/Sim/DecodeTable/Batch05Part20.lean	484	16	48	0	48	0	64
Vsa/Sim/DecodeTable/Batch05Part21.lean	484	16	48	0	48	0	64
Vsa/Sim/DecodeTable/Batch05Part22.lean	484	16	48	0	48	0	64
Vsa/Sim/DecodeTable/Batch05Part23.lean	484	16	48	0	48	0	64
Vsa/Sim/DecodeTable/Batch05Part24.lean	484	16	48	0	48	0	64
Vsa/Sim/DecodeTable/Batch05Part25.lean	484	16	48	0	48	0	64
Vsa/Sim/DecodeTable/Batch05Part26.lean	484	16	48	0	48	0	64
Vsa/Sim/DecodeTable/Batch05Part27.lean	484	16	48	0	48	0	64
Vsa/Sim/DecodeTable/Batch05Part28.lean	484	16	48	0	48	0	64
Vsa/Sim/DecodeTable/Batch05Part29.lean	484	16	48	0	48	0	64
Vsa/Sim/DecodeTable/Batch05Part30.lean	484	16	48	0	48	0	64
Vsa/Sim/DecodeTable/Batch05Part31.lean	484	16	48	0	48	0	64
Vsa/Sim/DecodeTable/Batch05Part32.lean	484	16	48	0	48	0	64
Vsa/Sim/DecodeTable/Batch06Part01.lean	484	16	48	0	48	0	64
Vsa/Sim/DecodeTable/Batch06Part02.lean	484	16	48	0	48	0	64
Vsa/Sim/DecodeTable/Batch06Part03.lean	484	16	48	0	48	0	64
Vsa/Sim/DecodeTable/Batch06Part04.lean	484	16	48	0	48	0	64
Vsa/Sim/DecodeTable/Batch06Part05.lean	484	16	48	0	48	0	64
Vsa/Sim/DecodeTable/Batch06Part06.lean	484	16	48	0	48	0	64
Vsa/Sim/DecodeTable/Batch06Part07.lean	484	16	48	0	48	0	64
Vsa/Sim/DecodeTable/Batch06Part08.lean	484	16	48	0	48	0	64
Vsa/Sim/DecodeTable/Batch06Part09.lean	484	16	48	0	48	0	64
Vsa/Sim/DecodeTable/Batch06Part10.lean	484	16	48	0	48	0	64
Vsa/Sim/DecodeTable/Batch06Part11.lean	484	16	48	0	48	0	64
Vsa/Sim/DecodeTable/Batch06Part12.lean	484	16	48	0	48	0	64
Vsa/Sim/DecodeTable/Batch06Part13.lean	484	16	48	0	48	0	64
Vsa/Sim/DecodeTable/Batch06Part14.lean	484	16	48	0	48	0	64
Vsa/Sim/DecodeTable/Batch06Part15.lean	484	16	48	0	48	0	64
Vsa/Sim/DecodeTable/Batch06Part16.lean	484	16	48	0	48	0	64
Vsa/Sim/DecodeTable/Batch06Part17.lean	484	16	48	0	48	0	64
Vsa/Sim/DecodeTable/Batch06Part18.lean	484	16	48	0	48	0	64
Vsa/Sim/DecodeTable/Batch06Part19.lean	484	16	48	0	48	0	64
Vsa/Sim/DecodeTable/Batch06Part20.lean	484	16	48	0	48	0	64
Vsa/Sim/DecodeTable/Batch06Part21.lean	484	16	48	0	48	0	64
Vsa/Sim/DecodeTable/Batch06Part22.lean	484	16	48	0	48	0	64
Vsa/Sim/DecodeTable/Batch06Part23.lean	484	16	48	0	48	0	64
Vsa/Sim/DecodeTable/Batch06Part24.lean	484	16	48	0	48	0	64
Vsa/Sim/DecodeTable/Batch06Part25.lean	484	16	48	0	48	0	64
Vsa/Sim/DecodeTable/Batch06Part26.lean	484	16	48	0	48	0	64
Vsa/Sim/DecodeTable/Batch06Part27.lean	484	16	48	0	48	0	64
Vsa/Sim/DecodeTable/Batch06Part28.lean	484	16	48	0	48	0	64
Vsa/Sim/DecodeTable/Batch06Part29.lean	484	16	48	0	48	0	64
Vsa/Sim/DecodeTable/Batch06Part30.lean	484	16	48	0	48	0	64
Vsa/Sim/DecodeTable/Batch06Part31.lean	484	16	48	0	48	0	64
Vsa/Sim/DecodeTable/Batch06Part32.lean	484	16	48	0	48	0	64
Vsa/Sim/DecodeTable/Batch07Part01.lean	484	16	48	0	48	0	64
Vsa/Sim/DecodeTable/Batch07Part02.lean	484	16	48	0	48	0	64
Vsa/Sim/DecodeTable/Batch07Part03.lean	484	16	48	0	48	0	64
Vsa/Sim/DecodeTable/Batch07Part04.lean	484	16	48	0	48	0	64
Vsa/Sim/DecodeTable/Batch07Part05.lean	484	16	48	0	48	0	64
Vsa/Sim/DecodeTable/Batch07Part06.lean	484	16	48	0	48	0	64
Vsa/Sim/DecodeTable/Batch07Part07.lean	484	16	48	0	48	0	64
Vsa/Sim/DecodeTable/Batch07Part08.lean	484	16	48	0	48	0	64
Vsa/Sim/DecodeTable/Batch07Part09.lean	484	16	48	0	48	0	64
Vsa/Sim/DecodeTable/Batch07Part10.lean	484	16	48	0	48	0	64
Vsa/Sim/DecodeTable/Batch07Part11.lean	484	16	48	0	48	0	64
Vsa/Sim/DecodeTable/Batch07Part12.lean	484	16	48	0	48	0	64
Vsa/Sim/DecodeTable/Batch07Part13.lean	484	16	48	0	48	0	64
Vsa/Sim/DecodeTable/Batch07Part14.lean	484	16	48	0	48	0	64
Vsa/Sim/DecodeTable/Batch07Part15.lean	484	16	48	0	48	0	64
Vsa/Sim/DecodeTable/Batch07Part16.lean	484	16	48	0	48	0	64
Vsa/Sim/DecodeTable/Batch07Part17.lean	484	16	48	0	48	0	64
Vsa/Sim/DecodeTable/Batch07Part18.lean	484	16	48	0	48	0	64
Vsa/Sim/DecodeTable/Batch07Part19.lean	484	16	48	0	48	0	64
Vsa/Sim/DecodeTable/Batch07Part20.lean	484	16	48	0	48	0	64
Vsa/Sim/DecodeTable/Batch07Part21.lean	484	16	48	0	48	0	64
Vsa/Sim/DecodeTable/Batch07Part22.lean	484	16	48	0	48	0	64
Vsa/Sim/DecodeTable/Batch07Part23.lean	484	16	48	0	48	0	64
Vsa/Sim/DecodeTable/Batch07Part24.lean	484	16	48	0	48	0	64
Vsa/Sim/DecodeTable/Batch07Part25.lean	484	16	48	0	48	0	64
Vsa/Sim/DecodeTable/Batch07Part26.lean	484	16	48	0	48	0	64
Vsa/Sim/DecodeTable/Batch07Part27.lean	484	16	48	0	48	0	64
Vsa/Sim/DecodeTable/Batch07Part28.lean	484	16	48	0	48	0	64
Vsa/Sim/DecodeTable/Batch07Part29.lean	484	16	48	0	48	0	64
Vsa/Sim/DecodeTable/Batch07Part30.lean	484	16	48	0	48	0	64
Vsa/Sim/DecodeTable/Batch07Part31.lean	484	16	48	0	48	0	64
Vsa/Sim/DecodeTable/Batch07Part32.lean	484	16	48	0	48	0	64
Vsa/Sim/DecodeTable/Batch08Part01.lean	484	16	48	0	48	0	64
Vsa/Sim/DecodeTable/Batch08Part02.lean	484	16	48	0	48	0	64
Vsa/Sim/DecodeTable/Batch08Part03.lean	484	16	48	0	48	0	64
Vsa/Sim/DecodeTable/Batch08Part04.lean	484	16	48	0	48	0	64
Vsa/Sim/DecodeTable/Batch08Part05.lean	484	16	48	0	48	0	64
Vsa/Sim/DecodeTable/Batch08Part06.lean	484	16	48	0	48	0	64
Vsa/Sim/DecodeTable/Batch08Part07.lean	484	16	48	0	48	0	64
Vsa/Sim/DecodeTable/Batch08Part08.lean	484	16	48	0	48	0	64
Vsa/Sim/DecodeTable/Batch08Part09.lean	484	16	48	0	48	0	64
Vsa/Sim/DecodeTable/Batch08Part10.lean	484	16	48	0	48	0	64
Vsa/Sim/DecodeTable/Batch08Part11.lean	484	16	48	0	48	0	64
Vsa/Sim/DecodeTable/Batch08Part12.lean	484	16	48	0	48	0	64
Vsa/Sim/DecodeTable/Batch08Part13.lean	484	16	48	0	48	0	64
Vsa/Sim/DecodeTable/Batch08Part14.lean	484	16	48	0	48	0	64
Vsa/Sim/DecodeTable/Batch08Part15.lean	484	16	48	0	48	0	64
Vsa/Sim/DecodeTable/Batch08Part16.lean	484	16	48	0	48	0	64
Vsa/Sim/DecodeTable/Batch08Part17.lean	484	16	48	0	48	0	64
Vsa/Sim/DecodeTable/Batch08Part18.lean	484	16	48	0	48	0	64
Vsa/Sim/DecodeTable/Batch08Part19.lean	484	16	48	0	48	0	64
Vsa/Sim/DecodeTable/Batch08Part20.lean	484	16	48	0	48	0	64
Vsa/Sim/DecodeTable/Batch08Part21.lean	484	16	48	0	48	0	64
Vsa/Sim/DecodeTable/Batch08Part22.lean	484	16	48	0	48	0	64
Vsa/Sim/DecodeTable/Batch08Part23.lean	484	16	48	0	48	0	64
Vsa/Sim/DecodeTable/Batch08Part24.lean	484	16	48	0	48	0	64
Vsa/Sim/DecodeTable/Batch08Part25.lean	484	16	48	0	48	0	64
Vsa/Sim/DecodeTable/Batch08Part26.lean	484	16	48	0	48	0	64
Vsa/Sim/DecodeTable/Batch08Part27.lean	484	16	48	0	48	0	64
Vsa/Sim/DecodeTable/Batch08Part28.lean	484	16	48	0	48	0	64
Vsa/Sim/DecodeTable/Batch08Part29.lean	484	16	48	0	48	0	64
Vsa/Sim/DecodeTable/Batch08Part30.lean	484	16	48	0	48	0	64
Vsa/Sim/DecodeTable/Batch08Part31.lean	484	16	48	0	48	0	64
Vsa/Sim/DecodeTable/Batch08Part32.lean	484	16	48	0	48	0	64
Vsa/Sim/DecodeTable/Batch09Part01.lean	484	16	48	0	48	0	64
Vsa/Sim/DecodeTable/Batch09Part02.lean	484	16	48	0	48	0	64
Vsa/Sim/DecodeTable/Batch09Part03.lean	484	16	48	0	48	0	64
Vsa/Sim/DecodeTable/Batch09Part04.lean	484	16	48	0	48	0	64
Vsa/Sim/DecodeTable/Batch09Part05.lean	484	16	48	0	48	0	64
Vsa/Sim/DecodeTable/Batch09Part06.lean	484	16	48	0	48	0	64
Vsa/Sim/DecodeTable/Batch09Part07.lean	484	16	48	0	48	0	64
Vsa/Sim/DecodeTable/Batch09Part08.lean	484	16	48	0	48	0	64
Vsa/Sim/DecodeTable/Batch09Part09.lean	484	16	48	0	48	0	64
Vsa/Sim/DecodeTable/Batch09Part10.lean	484	16	48	0	48	0	64
Vsa/Sim/DecodeTable/Batch09Part11.lean	484	16	48	0	48	0	64
Vsa/Sim/DecodeTable/Batch09Part12.lean	484	16	48	0	48	0	64
Vsa/Sim/DecodeTable/Batch09Part13.lean	484	16	48	0	48	0	64
Vsa/Sim/DecodeTable/Batch09Part14.lean	484	16	48	0	48	0	64
Vsa/Sim/DecodeTable/Batch09Part15.lean	484	16	48	0	48	0	64
Vsa/Sim/DecodeTable/Batch09Part16.lean	484	16	48	0	48	0	64
Vsa/Sim/DecodeTable/Batch09Part17.lean	484	16	48	0	48	0	64
Vsa/Sim/DecodeTable/Batch09Part18.lean	484	16	48	0	48	0	64
Vsa/Sim/DecodeTable/Batch09Part19.lean	484	16	48	0	48	0	64
Vsa/Sim/DecodeTable/Batch09Part20.lean	484	16	48	0	48	0	64
Vsa/Sim/DecodeTable/Batch09Part21.lean	484	16	48	0	48	0	64
Vsa/Sim/DecodeTable/Batch09Part22.lean	484	16	48	0	48	0	64
Vsa/Sim/DecodeTable/Batch09Part23.lean	484	16	48	0	48	0	64
Vsa/Sim/DecodeTable/Batch09Part24.lean	484	16	48	0	48	0	64
Vsa/Sim/DecodeTable/Batch09Part25.lean	484	16	48	0	48	0	64
Vsa/Sim/DecodeTable/Batch09Part26.lean	484	16	48	0	48	0	64
Vsa/Sim/DecodeTable/Batch09Part27.lean	484	16	48	0	48	0	64
Vsa/Sim/DecodeTable/Batch09Part28.lean	484	16	48	0	48	0	64
Vsa/Sim/DecodeTable/Batch09Part29.lean	484	16	48	0	48	0	64
Vsa/Sim/DecodeTable/Batch09Part30.lean	484	16	48	0	48	0	64
Vsa/Sim/DecodeTable/Batch09Part31.lean	484	16	48	0	48	0	64
Vsa/Sim/DecodeTable/Batch09Part32.lean	484	16	48	0	48	0	64
Vsa/Sim/DecodeTable/Batch10Part01.lean	484	16	48	0	48	0	64
Vsa/Sim/DecodeTable/Batch10Part02.lean	484	16	48	0	48	0	64
Vsa/Sim/DecodeTable/Batch10Part03.lean	484	16	48	0	48	0	64
Vsa/Sim/DecodeTable/Batch10Part04.lean	484	16	48	0	48	0	64
Vsa/Sim/DecodeTable/Batch10Part05.lean	484	16	48	0	48	0	64
Vsa/Sim/DecodeTable/Batch10Part06.lean	484	16	48	0	48	0	64
Vsa/Sim/DecodeTable/Batch10Part07.lean	484	16	48	0	48	0	64
Vsa/Sim/DecodeTable/Batch10Part08.lean	484	16	48	0	48	0	64
Vsa/Sim/DecodeTable/Batch10Part09.lean	484	16	48	0	48	0	64
Vsa/Sim/DecodeTable/Batch10Part10.lean	484	16	48	0	48	0	64
Vsa/Sim/DecodeTable/Batch10Part11.lean	484	16	48	0	48	0	64
Vsa/Sim/DecodeTable/Batch10Part12.lean	484	16	48	0	48	0	64
Vsa/Sim/DecodeTable/Batch10Part13.lean	484	16	48	0	48	0	64
Vsa/Sim/DecodeTable/Batch10Part14.lean	484	16	48	0	48	0	64
Vsa/Sim/DecodeTable/Batch10Part15.lean	484	16	48	0	48	0	64
Vsa/Sim/DecodeTable/Batch10Part16.lean	484	16	48	0	48	0	64
Vsa/Sim/DecodeTable/Batch10Part17.lean	484	16	48	0	48	0	64
Vsa/Sim/DecodeTable/Batch10Part18.lean	484	16	48	0	48	0	64
Vsa/Sim/DecodeTable/Batch10Part19.lean	484	16	48	0	48	0	64
Vsa/Sim/DecodeTable/Batch10Part20.lean	484	16	48	0	48	0	64
Vsa/Sim/DecodeTable/Batch10Part21.lean	484	16	48	0	48	0	64
Vsa/Sim/DecodeTable/Batch10Part22.lean	484	16	48	0	48	0	64
Vsa/Sim/DecodeTable/Batch10Part23.lean	484	16	48	0	48	0	64
Vsa/Sim/DecodeTable/Batch10Part24.lean	484	16	48	0	48	0	64
Vsa/Sim/DecodeTable/Batch10Part25.lean	484	16	48	0	48	0	64
Vsa/Sim/DecodeTable/Batch10Part26.lean	484	16	48	0	48	0	64
Vsa/Sim/DecodeTable/Batch10Part27.lean	484	16	48	0	48	0	64
Vsa/Sim/DecodeTable/Batch10Part28.lean	484	16	48	0	48	0	64
Vsa/Sim/DecodeTable/Batch10Part29.lean	484	16	48	0	48	0	64
Vsa/Sim/DecodeTable/Batch10Part30.lean	484	16	48	0	48	0	64
Vsa/Sim/DecodeTable/Batch10Part31.lean	484	16	48	0	48	0	64
Vsa/Sim/DecodeTable/Batch10Part32.lean	484	16	48	0	48	0	64
Vsa/Sim/DecodeTable/Batch11Part01.lean	484	16	48	0	48	0	64
Vsa/Sim/DecodeTable/Batch11Part02.lean	484	16	48	0	48	0	64
Vsa/Sim/DecodeTable/Batch11Part03.lean	484	16	48	0	48	0	64
Vsa/Sim/DecodeTable/Batch11Part04.lean	484	16	48	0	48	0	64
Vsa/Sim/DecodeTable/Batch11Part05.lean	484	16	48	0	48	0	64
Vsa/Sim/DecodeTable/Batch11Part06.lean	484	16	48	0	48	0	64
Vsa/Sim/DecodeTable/Batch11Part07.lean	484	16	48	0	48	0	64
Vsa/Sim/DecodeTable/Batch11Part08.lean	484	16	48	0	48	0	64
Vsa/Sim/DecodeTable/Batch11Part09.lean	484	16	48	0	48	0	64
Vsa/Sim/DecodeTable/Batch11Part10.lean	484	16	48	0	48	0	64
Vsa/Sim/DecodeTable/Batch11Part11.lean	484	16	48	0	48	0	64
Vsa/Sim/DecodeTable/Batch11Part12.lean	484	16	48	0	48	0	64
Vsa/Sim/DecodeTable/Batch11Part13.lean	484	16	48	0	48	0	64
Vsa/Sim/DecodeTable/Batch11Part14.lean	484	16	48	0	48	0	64
Vsa/Sim/DecodeTable/Batch11Part15.lean	484	16	48	0	48	0	64
Vsa/Sim/DecodeTable/Batch11Part16.lean	484	16	48	0	48	0	64
Vsa/Sim/DecodeTable/Batch11Part17.lean	484	16	48	0	48	0	64
Vsa/Sim/DecodeTable/Batch11Part18.lean	484	16	48	0	48	0	64
Vsa/Sim/DecodeTable/Batch11Part19.lean	484	16	48	0	48	0	64
Vsa/Sim/DecodeTable/Batch11Part20.lean	484	16	48	0	48	0	64
Vsa/Sim/DecodeTable/Batch11Part21.lean	484	16	48	0	48	0	64
Vsa/Sim/DecodeTable/Batch11Part22.lean	484	16	48	0	48	0	64
Vsa/Sim/DecodeTable/Batch11Part23.lean	484	16	48	0	48	0	64
Vsa/Sim/DecodeTable/Batch11Part24.lean	484	16	48	0	48	0	64
Vsa/Sim/DecodeTable/Batch11Part25.lean	484	16	48	0	48	0	64
Vsa/Sim/DecodeTable/Batch11Part26.lean	484	16	48	0	48	0	64
Vsa/Sim/DecodeTable/Batch11Part27.lean	484	16	48	0	48	0	64
Vsa/Sim/DecodeTable/Batch11Part28.lean	484	16	48	0	48	0	64
Vsa/Sim/DecodeTable/Batch11Part29.lean	484	16	48	0	48	0	64
Vsa/Sim/DecodeTable/Batch11Part30.lean	484	16	48	0	48	0	64
Vsa/Sim/DecodeTable/Batch11Part31.lean	484	16	48	0	48	0	64
Vsa/Sim/DecodeTable/Batch11Part32.lean	484	16	48	0	48	0	64
Vsa/Sim/DecodeTable/Batch12Part01.lean	484	16	48	0	48	0	64
Vsa/Sim/DecodeTable/Batch12Part02.lean	484	16	48	0	48	0	64
Vsa/Sim/DecodeTable/Batch12Part03.lean	484	16	48	0	48	0	64
Vsa/Sim/DecodeTable/Batch12Part04.lean	484	16	48	0	48	0	64
Vsa/Sim/DecodeTable/Batch12Part05.lean	484	16	48	0	48	0	64
Vsa/Sim/DecodeTable/Batch12Part06.lean	484	16	48	0	48	0	64
Vsa/Sim/DecodeTable/Batch12Part07.lean	484	16	48	0	48	0	64
Vsa/Sim/DecodeTable/Batch12Part08.lean	484	16	48	0	48	0	64
Vsa/Sim/DecodeTable/Batch12Part09.lean	484	16	48	0	48	0	64
Vsa/Sim/DecodeTable/Batch12Part10.lean	484	16	48	0	48	0	64
Vsa/Sim/DecodeTable/Batch12Part11.lean	484	16	48	0	48	0	64
Vsa/Sim/DecodeTable/Batch12Part12.lean	484	16	48	0	48	0	64
Vsa/Sim/DecodeTable/Batch12Part13.lean	484	16	48	0	48	0	64
Vsa/Sim/DecodeTable/Batch12Part14.lean	484	16	48	0	48	0	64
Vsa/Sim/DecodeTable/Batch12Part15.lean	484	16	48	0	48	0	64
Vsa/Sim/DecodeTable/Batch12Part16.lean	484	16	48	0	48	0	64
Vsa/Sim/DecodeTable/Batch12Part17.lean	484	16	48	0	48	0	64
Vsa/Sim/DecodeTable/Batch12Part18.lean	484	16	48	0	48	0	64
Vsa/Sim/DecodeTable/Batch12Part19.lean	484	16	48	0	48	0	64
Vsa/Sim/DecodeTable/Batch12Part20.lean	484	16	48	0	48	0	64
Vsa/Sim/DecodeTable/Batch12Part21.lean	484	16	48	0	48	0	64
Vsa/Sim/DecodeTable/Batch12Part22.lean	484	16	48	0	48	0	64
Vsa/Sim/DecodeTable/Batch12Part23.lean	484	16	48	0	48	0	64
Vsa/Sim/DecodeTable/Batch12Part24.lean	484	16	48	0	48	0	64
Vsa/Sim/DecodeTable/Batch12Part25.lean	484	16	48	0	48	0	64
Vsa/Sim/DecodeTable/Batch12Part26.lean	484	16	48	0	48	0	64
Vsa/Sim/DecodeTable/Batch12Part27.lean	484	16	48	0	48	0	64
Vsa/Sim/DecodeTable/Batch12Part28.lean	484	16	48	0	48	0	64
Vsa/Sim/DecodeTable/Batch12Part29.lean	484	16	48	0	48	0	64
Vsa/Sim/DecodeTable/Batch12Part30.lean	484	16	48	0	48	0	64
Vsa/Sim/DecodeTable/Batch12Part31.lean	484	16	48	0	48	0	64
Vsa/Sim/DecodeTable/Batch12Part32.lean	484	16	48	0	48	0	64
Vsa/Sim/DecodeTable/Batch13Part01.lean	484	16	48	0	48	0	64
Vsa/Sim/DecodeTable/Batch13Part02.lean	484	16	48	0	48	0	64
Vsa/Sim/DecodeTable/Batch13Part03.lean	484	16	48	0	48	0	64
Vsa/Sim/DecodeTable/Batch13Part04.lean	484	16	48	0	48	0	64
Vsa/Sim/DecodeTable/Batch13Part05.lean	484	16	48	0	48	0	64
Vsa/Sim/DecodeTable/Batch13Part06.lean	484	16	48	0	48	0	64
Vsa/Sim/DecodeTable/Batch13Part07.lean	484	16	48	0	48	0	64
Vsa/Sim/DecodeTable/Batch13Part08.lean	484	16	48	0	48	0	64
Vsa/Sim/DecodeTable/Batch13Part09.lean	484	16	48	0	48	0	64
Vsa/Sim/DecodeTable/Batch13Part10.lean	484	16	48	0	48	0	64
Vsa/Sim/DecodeTable/Batch13Part11.lean	484	16	48	0	48	0	64
Vsa/Sim/DecodeTable/Batch13Part12.lean	484	16	48	0	48	0	64
Vsa/Sim/DecodeTable/Batch13Part13.lean	484	16	48	0	48	0	64
Vsa/Sim/DecodeTable/Batch13Part14.lean	484	16	48	0	48	0	64
Vsa/Sim/DecodeTable/Batch13Part15.lean	484	16	48	0	48	0	64
Vsa/Sim/DecodeTable/Batch13Part16.lean	484	16	48	0	48	0	64
Vsa/Sim/DecodeTable/Batch13Part17.lean	484	16	48	0	48	0	64
Vsa/Sim/DecodeTable/Batch13Part18.lean	484	16	48	0	48	0	64
Vsa/Sim/DecodeTable/Batch13Part19.lean	484	16	48	0	48	0	64
Vsa/Sim/DecodeTable/Batch13Part20.lean	484	16	48	0	48	0	64
Vsa/Sim/DecodeTable/Batch13Part21.lean	484	16	48	0	48	0	64
Vsa/Sim/DecodeTable/Batch13Part22.lean	484	16	48	0	48	0	64
Vsa/Sim/DecodeTable/Batch13Part23.lean	484	16	48	0	48	0	64
Vsa/Sim/DecodeTable/Batch13Part24.lean	484	16	48	0	48	0	64
Vsa/Sim/DecodeTable/Batch13Part25.lean	484	16	48	0	48	0	64
Vsa/Sim/DecodeTable/Batch13Part26.lean	484	16	48	0	48	0	64
Vsa/Sim/DecodeTable/Batch13Part27.lean	484	16	48	0	48	0	64
Vsa/Sim/DecodeTable/Batch13Part28.lean	484	16	48	0	48	0	64
Vsa/Sim/DecodeTable/Batch13Part29.lean	484	16	48	0	48	0	64
Vsa/Sim/DecodeTable/Batch13Part30.lean	484	16	48	0	48	0	64
Vsa/Sim/DecodeTable/Batch13Part31.lean	484	16	48	0	48	0	64
Vsa/Sim/DecodeTable/Batch13Part32.lean	484	16	48	0	48	0	64
Vsa/Sim/DecodeTable/Batch14Part01.lean	484	16	48	0	48	0	64
Vsa/Sim/DecodeTable/Batch14Part02.lean	484	16	48	0	48	0	64
Vsa/Sim/DecodeTable/Batch14Part03.lean	484	16	48	0	48	0	64
Vsa/Sim/DecodeTable/Batch14Part04.lean	484	16	48	0	48	0	64
Vsa/Sim/DecodeTable/Batch14Part05.lean	484	16	48	0	48	0	64
Vsa/Sim/DecodeTable/Batch14Part06.lean	484	16	48	0	48	0	64
Vsa/Sim/DecodeTable/Batch14Part07.lean	484	16	48	0	48	0	64
Vsa/Sim/DecodeTable/Batch14Part08.lean	484	16	48	0	48	0	64
Vsa/Sim/DecodeTable/Batch14Part09.lean	484	16	48	0	48	0	64
Vsa/Sim/DecodeTable/Batch14Part10.lean	484	16	48	0	48	0	64
Vsa/Sim/DecodeTable/Batch14Part11.lean	484	16	48	0	48	0	64
Vsa/Sim/DecodeTable/Batch14Part12.lean	484	16	48	0	48	0	64
Vsa/Sim/DecodeTable/Batch14Part13.lean	484	16	48	0	48	0	64
Vsa/Sim/DecodeTable/Batch14Part14.lean	484	16	48	0	48	0	64
Vsa/Sim/DecodeTable/Batch14Part15.lean	484	16	48	0	48	0	64
Vsa/Sim/DecodeTable/Batch14Part16.lean	484	16	48	0	48	0	64
Vsa/Sim/DecodeTable/Batch14Part17.lean	484	16	48	0	48	0	64
Vsa/Sim/DecodeTable/Batch14Part18.lean	484	16	48	0	48	0	64
Vsa/Sim/DecodeTable/Batch14Part19.lean	484	16	48	0	48	0	64
Vsa/Sim/DecodeTable/Batch14Part20.lean	484	16	48	0	48	0	64
Vsa/Sim/DecodeTable/Batch14Part21.lean	484	16	48	0	48	0	64
Vsa/Sim/DecodeTable/Batch14Part22.lean	484	16	48	0	48	0	64
Vsa/Sim/DecodeTable/Batch14Part23.lean	484	16	48	0	48	0	64
Vsa/Sim/DecodeTable/Batch14Part24.lean	484	16	48	0	48	0	64
Vsa/Sim/DecodeTable/Batch14Part25.lean	484	16	48	0	48	0	64
Vsa/Sim/DecodeTable/Batch14Part26.lean	484	16	48	0	48	0	64
Vsa/Sim/DecodeTable/Batch14Part27.lean	484	16	48	0	48	0	64
Vsa/Sim/DecodeTable/Batch14Part28.lean	484	16	48	0	48	0	64
Vsa/Sim/DecodeTable/Batch14Part29.lean	484	16	48	0	48	0	64
Vsa/Sim/DecodeTable/Batch14Part30.lean	484	16	48	0	48	0	64
Vsa/Sim/DecodeTable/Batch14Part31.lean	484	16	48	0	48	0	64
Vsa/Sim/DecodeTable/Batch14Part32.lean	484	16	48	0	48	0	64
Vsa/Sim/DecodeTable/Batch15Part01.lean	484	16	48	0	48	0	64
Vsa/Sim/DecodeTable/Batch15Part02.lean	484	16	48	0	48	0	64
Vsa/Sim/DecodeTable/Batch15Part03.lean	484	16	48	0	48	0	64
Vsa/Sim/DecodeTable/Batch15Part04.lean	484	16	48	0	48	0	64
Vsa/Sim/DecodeTable/Batch15Part05.lean	484	16	48	0	48	0	64
Vsa/Sim/DecodeTable/Batch15Part06.lean	484	16	48	0	48	0	64
Vsa/Sim/DecodeTable/Batch15Part07.lean	484	16	48	0	48	0	64
Vsa/Sim/DecodeTable/Batch15Part08.lean	484	16	48	0	48	0	64
Vsa/Sim/DecodeTable/Batch15Part09.lean	484	16	48	0	48	0	64
Vsa/Sim/DecodeTable/Batch15Part10.lean	484	16	48	0	48	0	64
Vsa/Sim/DecodeTable/Batch15Part11.lean	484	16	48	0	48	0	64
Vsa/Sim/DecodeTable/Batch15Part12.lean	484	16	48	0	48	0	64
Vsa/Sim/DecodeTable/Batch15Part13.lean	484	16	48	0	48	0	64
Vsa/Sim/DecodeTable/Batch15Part14.lean	484	16	48	0	48	0	64
Vsa/Sim/DecodeTable/Batch15Part15.lean	484	16	48	0	48	0	64
Vsa/Sim/DecodeTable/Batch15Part16.lean	484	16	48	0	48	0	64
Vsa/Sim/DecodeTable/Batch15Part17.lean	484	16	48	0	48	0	64
Vsa/Sim/DecodeTable/Batch15Part18.lean	484	16	48	0	48	0	64
Vsa/Sim/DecodeTable/Batch15Part19.lean	484	16	48	0	48	0	64
Vsa/Sim/DecodeTable/Batch15Part20.lean	484	16	48	0	48	0	64
Vsa/Sim/DecodeTable/Batch15Part21.lean	484	16	48	0	48	0	64
Vsa/Sim/DecodeTable/Batch15Part22.lean	484	16	48	0	48	0	64
Vsa/Sim/DecodeTable/Batch15Part23.lean	484	16	48	0	48	0	64
Vsa/Sim/DecodeTable/Batch15Part24.lean	484	16	48	0	48	0	64
Vsa/Sim/DecodeTable/Batch15Part25.lean	484	16	48	0	48	0	64
Vsa/Sim/DecodeTable/Batch15Part26.lean	484	16	48	0	48	0	64
Vsa/Sim/DecodeTable/Batch15Part27.lean	484	16	48	0	48	0	64
Vsa/Sim/DecodeTable/Batch15Part28.lean	484	16	48	0	48	0	64
Vsa/Sim/DecodeTable/Batch15Part29.lean	484	16	48	0	48	0	64
Vsa/Sim/DecodeTable/Batch15Part30.lean	484	16	48	0	48	0	64
Vsa/Sim/DecodeTable/Batch15Part31.lean	484	16	48	0	48	0	64
Vsa/Sim/DecodeTable/Batch15Part32.lean	484	16	48	0	48	0	64
Vsa/Sim/DecodeTable/Batch16Part01.lean	484	16	48	0	48	0	64
Vsa/Sim/DecodeTable/Batch16Part02.lean	484	16	48	0	48	0	64
Vsa/Sim/DecodeTable/Batch16Part03.lean	484	16	48	0	48	0	64
Vsa/Sim/DecodeTable/Batch16Part04.lean	484	16	48	0	48	0	64
Vsa/Sim/DecodeTable/Batch16Part05.lean	484	16	48	0	48	0	64
Vsa/Sim/DecodeTable/Batch16Part06.lean	484	16	48	0	48	0	64
Vsa/Sim/DecodeTable/Batch16Part07.lean	484	16	48	0	48	0	64
Vsa/Sim/DecodeTable/Batch16Part08.lean	484	16	48	0	48	0	64
Vsa/Sim/DecodeTable/Batch16Part09.lean	484	16	48	0	48	0	64
Vsa/Sim/DecodeTable/Batch16Part10.lean	484	16	48	0	48	0	64
Vsa/Sim/DecodeTable/Batch16Part11.lean	484	16	48	0	48	0	64
Vsa/Sim/DecodeTable/Batch16Part12.lean	484	16	48	0	48	0	64
Vsa/Sim/DecodeTable/Batch16Part13.lean	484	16	48	0	48	0	64
Vsa/Sim/DecodeTable/Batch16Part14.lean	484	16	48	0	48	0	64
Vsa/Sim/DecodeTable/Batch16Part15.lean	484	16	48	0	48	0	64
Vsa/Sim/DecodeTable/Batch16Part16.lean	484	16	48	0	48	0	64
Vsa/Sim/DecodeTable/Batch16Part17.lean	484	16	48	0	48	0	64
Vsa/Sim/DecodeTable/Batch16Part18.lean	484	16	48	0	48	0	64
Vsa/Sim/DecodeTable/Batch16Part19.lean	484	16	48	0	48	0	64
Vsa/Sim/DecodeTable/Batch16Part20.lean	484	16	48	0	48	0	64
Vsa/Sim/DecodeTable/Batch16Part21.lean	484	16	48	0	48	0	64
Vsa/Sim/DecodeTable/Batch16Part22.lean	484	16	48	0	48	0	64
Vsa/Sim/DecodeTable/Batch16Part23.lean	484	16	48	0	48	0	64
Vsa/Sim/DecodeTable/Batch16Part24.lean	484	16	48	0	48	0	64
Vsa/Sim/DecodeTable/Batch16Part25.lean	484	16	48	0	48	0	64
Vsa/Sim/DecodeTable/Batch16Part26.lean	484	16	48	0	48	0	64
Vsa/Sim/DecodeTable/Batch16Part27.lean	484	16	48	0	48	0	64
Vsa/Sim/DecodeTable/Batch16Part28.lean	484	16	48	0	48	0	64
Vsa/Sim/DecodeTable/Batch16Part29.lean	484	16	48	0	48	0	64
Vsa/Sim/DecodeTable/Batch16Part30.lean	484	16	48	0	48	0	64
Vsa/Sim/DecodeTable/Batch16Part31.lean	484	16	48	0	48	0	64
Vsa/Sim/SnprintfSpec34.lean	268	3	61	0	1	0	64
Vsa/Sim/SnprintfSites2.lean	312	0	60	0	0	0	60
Vsa/Sim/StepBranch.lean	792	0	59	0	43	0	59
Vsa/Sim/ExecExprRet.lean	336	9	49	0	0	0	58
Vsa/Sim/ExecIf.lean	258	9	49	0	0	0	58
Vsa/Sim/ExecVarDecl.lean	278	9	49	0	0	0	58
Vsa/Sim/ExecVarNull.lean	269	9	49	0	0	0	58
Vsa/Sim/ExecWhile.lean	338	9	49	0	0	0	58
Vsa/Sim/EvalDivChain.lean	407	1	53	0	0	0	54
Vsa/Sim/StackSlotGeom.lean	307	54	0	0	0	0	54
Vsa/Sim/EnvGetSpec3.lean	563	24	28	0	16	0	52
Vsa/Sim/SnprintfSitesPrint2.lean	163	0	52	0	0	0	52
Vsa/Sim/StrcpySpecW.lean	451	45	6	0	7	0	51
Vsa/Sim/BinopTailGen.lean	353	3	47	0	0	0	50
Vsa/Sim/BoolBoxEpilogue.lean	279	3	47	0	0	0	50
Vsa/Sim/EqNeReprReadback.lean	354	47	0	0	0	0	47
Vsa/Sim/DecodeTable/Batch16Part32.lean	339	11	33	0	33	0	44
Vsa/Sim/SnprintfSpec8.lean	360	35	8	0	7	0	43
Vsa/Sim/RegPins.lean	205	0	42	0	4	0	42
Vsa/Sim/BinopChainGen.lean	349	0	41	0	0	0	41
Vsa/Sim/EvalModValueTail.lean	111	1	40	0	3	0	41
Vsa/Sim/EvalDivValueTail.lean	109	0	40	0	0	0	40
Vsa/Sim/SegFrameFactsAuto.lean	656	28	11	0	5	0	39
Vsa/Sim/ExecuteLoad.lean	721	15	22	0	46	0	37
Vsa/Sim/StepAlu.lean	458	0	37	0	17	0	37
Vsa/Sim/PinW.lean	449	34	0	0	12	0	34
Vsa/Sim/SnprintfSpec21.lean	205	13	21	0	0	0	34
Vsa/Sim/EnvDefSpec12.lean	56	0	32	0	1	0	32
Vsa/Sim/EnvDefSpec13.lean	55	0	32	0	1	0	32
Vsa/Sim/EnvDefSpec14.lean	55	0	32	0	1	0	32
Vsa/Sim/StepStore.lean	388	0	32	0	14	0	32
Vsa/Sim/Frame.lean	296	0	31	0	3	0	31
Vsa/Sim/SnprintfSpec48.lean	213	25	6	0	2	0	31
Vsa/Sim/DemoStore.lean	252	0	30	0	1	0	30
Vsa/Sim/ReprSurvival.lean	386	29	0	0	19	0	29
Vsa/Sim/DemoLoad.lean	232	0	28	0	0	0	28
Vsa/Sim/EnvGetSpec9.lean	400	17	10	0	14	0	27
Vsa/Sim/Htif.lean	261	18	9	0	26	0	27
Vsa/Sim/SnprintfSitesPro2.lean	84	0	25	0	0	0	25
Vsa/Sim/SnprintfSitesRet3.lean	91	0	25	0	0	0	25
Vsa/Sim/SnprintfSpec38.lean	307	23	1	0	2	0	24
Vsa/Sim/SnprintfSpec39.lean	512	22	2	0	10	0	24
Vsa/Sim/CmpBridges.lean	99	5	18	0	0	0	23
Vsa/Sim/SnprintfSpec53.lean	270	22	1	0	1	0	23
Vsa/Sim/EvalEqNeArm.lean	306	0	22	0	0	0	22
Vsa/Sim/EvalNegSim3.lean	326	21	1	0	4	0	22
Vsa/Sim/ExecIfSites.lean	92	0	21	0	0	0	21
Vsa/Sim/ExecWhileSites.lean	91	0	21	0	0	0	21
Vsa/Sim/StrlenMagic.lean	226	11	10	0	8	0	21
Vsa/Sim/ReprCopy.lean	232	20	0	0	10	0	20
Vsa/Sim/SnprintfSpec23.lean	137	5	15	0	0	0	20
Vsa/Sim/SnprintfSpec44.lean	172	14	5	0	3	0	19
Vsa/Sim/AstTransport.lean	744	18	0	0	2	0	18
Vsa/Sim/EnvDefSpec.lean	221	2	15	0	15	0	17
Vsa/Sim/EnvDefSpec16.lean	93	8	8	0	0	0	16
Vsa/Sim/EnvDefSpec2.lean	476	13	3	0	3	0	16
Vsa/Sim/Hooks.lean	259	4	12	0	25	0	16
Vsa/Sim/EvalCallNative3.lean	196	0	15	0	0	0	15
Vsa/Sim/Tick.lean	275	0	15	0	28	0	15
Vsa/Sim/EnvDefSpec5.lean	123	7	7	0	4	0	14
Vsa/Sim/MemLoadTotal.lean	269	7	7	0	20	0	14
Vsa/Sim/SnprintfSpec.lean	190	14	0	0	7	0	14
Vsa/Sim/StepObs.lean	527	7	7	0	18	0	14
Vsa/Sim/ErrorSiteJal.lean	150	0	13	0	0	0	13
Vsa/Sim/BlockTermDemo.lean	140	6	6	0	0	0	12
Vsa/Sim/DecodeTable/RetSupp.lean	108	3	9	0	9	0	12
Vsa/Sim/EnvGetSpec.lean	211	0	12	0	0	0	12
Vsa/Sim/Fetch.lean	377	8	4	0	36	0	12
Vsa/Sim/NegBlockProto.lean	257	0	12	0	0	0	12
Vsa/Sim/PtrArith.lean	106	2	10	0	6	0	12
Vsa/Sim/EvalModArm.lean	175	0	11	0	0	0	11
Vsa/Sim/HtifLift.lean	233	0	11	0	16	0	11
Vsa/Sim/SegFrameFacts.lean	159	11	0	0	0	0	11
Vsa/Sim/BinopChainInstances.lean	160	0	10	0	0	0	10
Vsa/Sim/DeriveErrorSite.lean	154	0	10	0	0	0	10
Vsa/Sim/OmegaHelpers.lean	216	10	0	0	0	0	10
Vsa/Sim/SegState.lean	296	2	8	0	0	0	10
Vsa/Sim/EnvGetSpec5.lean	197	7	2	0	2	0	9
Vsa/Sim/EvalGtBlocks.lean	249	0	9	0	0	0	9
Vsa/Sim/ImageDischarge.lean	308	0	9	0	0	0	9
Vsa/Sim/SpillSafe.lean	78	9	0	0	0	0	9
Vsa/Sim/BlockLogic.lean	634	8	0	0	3	0	8
Vsa/Sim/BlockTactics2.lean	131	6	2	0	2	0	8
Vsa/Sim/EnvDefSpec10.lean	69	7	1	0	0	0	8
Vsa/Sim/EnvDefSpec6.lean	73	7	1	0	0	0	8
Vsa/Sim/EnvDefSpec7.lean	73	7	1	0	0	0	8
Vsa/Sim/EnvDefSpec8.lean	69	7	1	0	0	0	8
Vsa/Sim/EnvDefSpec9.lean	69	7	1	0	0	0	8
Vsa/Sim/EqNeDispatchSeg.lean	267	0	8	0	0	0	8
Vsa/Sim/EqNeDispatchStrong.lean	181	0	8	0	0	0	8
Vsa/Sim/LoopStep.lean	288	4	4	0	4	0	8
Vsa/Sim/EnvDefMoveCommon.lean	67	0	7	0	0	0	7
Vsa/Sim/EnvDefSpec11.lean	65	6	1	0	0	0	7
Vsa/Sim/EnvDefSpillCommon.lean	73	0	7	0	0	0	7
Vsa/Sim/CodeRangeInsert.lean	60	6	0	0	5	0	6
Vsa/Sim/ExecIf2.lean	256	4	2	0	0	0	6
Vsa/Sim/Skeleton.lean	247	0	6	0	17	0	6
Vsa/Sim/SlotFrame.lean	208	6	0	0	0	0	6
Vsa/Sim/BlockMemDemo.lean	155	0	5	0	0	0	5
Vsa/Sim/InitGoodSeed.lean	74	0	5	0	6	0	5
Vsa/Sim/LayoutInstance.lean	176	0	5	0	0	0	5
Vsa/Sim/DivDispatchSeg.lean	186	0	4	0	2	0	4
Vsa/Sim/ExitPathSpans.lean	223	0	4	0	0	0	4
Vsa/Sim/GeomFacts.lean	285	4	0	0	4	0	4
Vsa/Sim/ModDispatchSeg.lean	168	0	4	0	2	0	4
Vsa/Sim/ModDispatchStrong.lean	132	0	4	0	1	0	4
Vsa/Sim/WriteLogNF.lean	156	4	0	0	5	0	4
Vsa/While/Semantics.lean	539	0	4	0	0	0	4
Vsa/Sim/BlockAdapter.lean	80	3	0	0	2	0	3
Vsa/Sim/Decode.lean	54	0	3	0	3	0	3
Vsa/Sim/EvalBinSim4.lean	110	3	0	0	0	0	3
Vsa/Sim/EvalGtBlk1Pilot.lean	113	0	3	0	0	0	3
Vsa/Sim/Mfr.lean	71	3	0	0	1	0	3
Vsa/ElfMono.lean	88	2	0	0	10	0	2
Vsa/Sim/CmpDispatchSeg.lean	172	0	2	0	0	0	2
Vsa/Sim/DeriveCaseRow.lean	142	0	2	0	0	0	2
Vsa/Sim/EnvDefineClose.lean	187	2	0	0	9	0	2
Vsa/Sim/EvalIntPilot.lean	178	0	2	0	2	0	2
Vsa/Sim/ChainFrameOut.lean	277	0	1	0	1	0	1
Vsa/Sim/CmpArmSeg.lean	99	0	1	0	0	0	1
Vsa/Sim/Code/FlushPins.lean	313	1	0	0	1	0	1
Vsa/Sim/DeriveCase.lean	159	0	1	0	0	0	1
Vsa/Sim/Dispatch.lean	88	0	1	0	3	0	1
Vsa/Sim/EnvDefSpec3.lean	426	1	0	0	6	0	1
Vsa/Sim/EnvGetSpec2.lean	230	1	0	0	18	0	1
Vsa/Sim/ErrorSim.lean	231	0	1	0	0	0	1
Vsa/Sim/EvalBinSim2.lean	93	1	0	0	0	0	1
Vsa/Sim/EvalBinSim3.lean	94	1	0	0	0	0	1
Vsa/Sim/EvalDivArm.lean	204	0	1	0	0	0	1
Vsa/Sim/EvalIntSim.lean	82	1	0	0	1	0	1
Vsa/Sim/ExecuteAlu.lean	388	0	1	0	60	0	1
Vsa/Sim/ExecuteJump.lean	238	0	1	0	19	0	1
Vsa/Sim/ExecuteStore.lean	163	1	0	0	12	0	1
Vsa/Sim/InitGoodPmp.lean	58	0	1	0	3	0	1
Vsa/Sim/Pmp.lean	151	0	1	0	10	0	1
Vsa/Sim/SegEvalSound.lean	82	0	1	0	0	0	1
Vsa/Sim/StepFrameOut.lean	290	0	1	0	48	0	1
Vsa/Sim/ValueEqualSites2.lean	94	0	1	0	8	0	1
Vsa/While/ErrorSem.lean	400	0	1	0	0	0	1
Vsa/Alloc.lean	108	0	0	0	0	0	0
Vsa/Elf.lean	133	0	0	0	0	0	0
Vsa/ElfBytes.lean	8	0	0	0	0	0	0
Vsa/Machine.lean	169	0	0	0	0	0	0
Vsa/MemRepr.lean	245	0	0	0	0	0	0
Vsa/Refinement.lean	136	0	0	0	0	0	0
Vsa/RuntimeRepr.lean	149	0	0	0	0	0	0
Vsa/Sim/Attr.lean	15	0	0	0	0	0	0
Vsa/Sim/BinOpValueTails.lean	127	0	0	0	0	0	0
Vsa/Sim/BlockDecode.lean	166	0	0	0	0	0	0
Vsa/Sim/BlockGen.lean	178	0	0	0	0	0	0
Vsa/Sim/BlockTactics.lean	106	0	0	0	0	0	0
Vsa/Sim/BoxSuffixSeams.lean	134	0	0	0	0	0	0
Vsa/Sim/BvNorm.lean	44	0	0	0	0	0	0
Vsa/Sim/BvNormAttr.lean	9	0	0	0	0	0	0
Vsa/Sim/CallEntry.lean	387	0	0	0	0	0	0
Vsa/Sim/ChainFactsTac.lean	183	0	0	0	0	0	0
Vsa/Sim/Code/ArmPins.lean	126	0	0	0	0	0	0
Vsa/Sim/Code/Env_define.lean	1468	0	0	0	0	0	0
Vsa/Sim/Code/Env_get.lean	699	0	0	0	0	0	0
Vsa/Sim/Code/Env_new.lean	338	0	0	0	0	0	0
Vsa/Sim/Code/Env_set.lean	699	0	0	0	0	0	0
Vsa/Sim/Code/Eval_expr.lean	12357	0	0	0	0	0	0
Vsa/Sim/Code/Exec_stmt.lean	2707	0	0	0	0	0	0
Vsa/Sim/Code/Exit.lean	164	0	0	0	0	0	0
Vsa/Sim/Code/FnFmt.lean	47	0	0	0	0	0	0
Vsa/Sim/Code/ImageStatics.lean	138	0	0	0	0	0	0
Vsa/Sim/Code/Interp_run.lean	1390	0	0	0	0	0	0
Vsa/Sim/Code/LldFmt.lean	43	0	0	0	0	0	0
Vsa/Sim/Code/Longjmp.lean	247	0	0	0	0	0	0
Vsa/Sim/Code/Main.lean	629	0	0	0	0	0	0
Vsa/Sim/Code/Memcpy.lean	1003	0	0	0	0	0	0
Vsa/Sim/Code/Memmove.lean	1003	0	0	0	0	0	0
Vsa/Sim/Code/Memset.lean	751	0	0	0	0	0	0
Vsa/Sim/Code/Native_assert.lean	764	0	0	0	0	0	0
Vsa/Sim/Code/Native_print.lean	577	0	0	0	0	0	0
Vsa/Sim/Code/Native_println.lean	247	0	0	0	0	0	0
Vsa/Sim/Code/Runtime_error.lean	273	0	0	0	0	0	0
Vsa/Sim/Code/Setjmp.lean	229	0	0	0	0	0	0
Vsa/Sim/Code/Snprintf.lean	725	0	0	0	0	0	0
Vsa/Sim/Code/Strcmp.lean	1016	0	0	0	0	0	0
Vsa/Sim/Code/Strcpy.lean	751	0	0	0	0	0	0
Vsa/Sim/Code/Strlen.lean	725	0	0	0	0	0	0
Vsa/Sim/Code/SvfprintfSlice.lean	7245	0	0	0	0	0	0
Vsa/Sim/Code/SvfprintfSlice2.lean	165	0	0	0	0	0	0
Vsa/Sim/Code/Value_bool.lean	86	0	0	0	0	0	0
Vsa/Sim/Code/Value_equal.lean	551	0	0	0	0	0	0
Vsa/Sim/Code/Value_int.lean	73	0	0	0	0	0	0
Vsa/Sim/Code/Value_null.lean	60	0	0	0	0	0	0
Vsa/Sim/Code/Value_str.lean	73	0	0	0	0	0	0
Vsa/Sim/Code/Value_truthy.lean	177	0	0	0	0	0	0
Vsa/Sim/Code/__ascii_mbtowc.lean	364	0	0	0	0	0	0
Vsa/Sim/Code/__divdi3.lean	47	0	0	0	0	0	0
Vsa/Sim/Code/__hidden___udivdi3.lean	260	0	0	0	0	0	0
Vsa/Sim/Code/__locale_mb_cur_max.lean	47	0	0	0	0	0	0
Vsa/Sim/Code/__moddi3.lean	216	0	0	0	0	0	0
Vsa/Sim/Code/__muldi3.lean	138	0	0	0	0	0	0
Vsa/Sim/Code/__ssprint_r.lean	816	0	0	0	0	0	0
Vsa/Sim/Code/__ssputs_r.lean	1364	0	0	0	0	0	0
Vsa/Sim/Code/__umoddi3.lean	190	0	0	0	0	0	0
Vsa/Sim/Code/_exit.lean	99	0	0	0	0	0	0
Vsa/Sim/Code/_localeconv_r.lean	47	0	0	0	0	0	0
Vsa/Sim/DecodeTable.lean	20	0	0	0	0	0	0
Vsa/Sim/DecodeTable/Batch01.lean	35	0	0	0	0	0	0
Vsa/Sim/DecodeTable/Batch02.lean	35	0	0	0	0	0	0
Vsa/Sim/DecodeTable/Batch03.lean	35	0	0	0	0	0	0
Vsa/Sim/DecodeTable/Batch04.lean	35	0	0	0	0	0	0
Vsa/Sim/DecodeTable/Batch05.lean	35	0	0	0	0	0	0
Vsa/Sim/DecodeTable/Batch06.lean	35	0	0	0	0	0	0
Vsa/Sim/DecodeTable/Batch07.lean	35	0	0	0	0	0	0
Vsa/Sim/DecodeTable/Batch08.lean	35	0	0	0	0	0	0
Vsa/Sim/DecodeTable/Batch09.lean	35	0	0	0	0	0	0
Vsa/Sim/DecodeTable/Batch10.lean	35	0	0	0	0	0	0
Vsa/Sim/DecodeTable/Batch11.lean	35	0	0	0	0	0	0
Vsa/Sim/DecodeTable/Batch12.lean	35	0	0	0	0	0	0
Vsa/Sim/DecodeTable/Batch13.lean	35	0	0	0	0	0	0
Vsa/Sim/DecodeTable/Batch14.lean	35	0	0	0	0	0	0
Vsa/Sim/DecodeTable/Batch15.lean	35	0	0	0	0	0	0
Vsa/Sim/DecodeTable/Batch16.lean	35	0	0	0	0	0	0
Vsa/Sim/DeriveCallSeg.lean	133	0	0	0	0	0	0
Vsa/Sim/DeriveLoop.lean	171	0	0	0	0	0	0
Vsa/Sim/DivergeSim.lean	209	0	0	0	1	0	0
Vsa/Sim/EnvDefEntryCommon.lean	22	0	0	0	0	0	0
Vsa/Sim/EnvDefSpec17.lean	116	0	0	0	0	0	0
Vsa/Sim/ErrorSimFull.lean	559	0	0	0	0	0	0
Vsa/Sim/ErrorSiteApplied.lean	95	0	0	0	0	0	0
Vsa/Sim/ErrorSiteRows.lean	215	0	0	0	0	0	0
Vsa/Sim/ErrorSiteRows2.lean	261	0	0	0	0	0	0
Vsa/Sim/ErrorSites.lean	153	0	0	0	0	0	0
Vsa/Sim/EvalArgs.lean	269	0	0	0	1	0	0
Vsa/Sim/EvalCall.lean	109	0	0	0	0	0	0
Vsa/Sim/EvalCallClosure.lean	195	0	0	0	0	0	0
Vsa/Sim/EvalCallNative.lean	195	0	0	0	0	0	0
Vsa/Sim/EvalCallPrint.lean	230	0	0	0	0	0	0
Vsa/Sim/EvalFn.lean	103	0	0	0	0	0	0
Vsa/Sim/EvalIntSim3.lean	79	0	0	0	0	0	0
Vsa/Sim/EvalLeafD.lean	195	0	0	0	0	0	0
Vsa/Sim/ExecBlock2.lean	344	0	0	0	0	0	0
Vsa/Sim/ExecEntry.lean	334	0	0	0	4	0	0
Vsa/Sim/ExecFor.lean	322	0	0	0	0	0	0
Vsa/Sim/ExecForStart.lean	158	0	0	0	0	0	0
Vsa/Sim/ExecSeqLoop.lean	256	0	0	0	0	0	0
Vsa/Sim/ExecSimCommon.lean	139	0	0	0	0	0	0
Vsa/Sim/ExecWhile2.lean	252	0	0	0	0	0	0
Vsa/Sim/Execute.lean	82	0	0	0	4	0	0
Vsa/Sim/ExecuteBranch.lean	338	0	0	0	55	0	0
Vsa/Sim/ExitPath.lean	270	0	0	0	0	0	0
Vsa/Sim/FrameCalc.lean	159	0	0	0	0	0	0
Vsa/Sim/GoodState.lean	81	0	0	0	0	0	0
Vsa/Sim/HeapOps.lean	95	0	0	0	0	0	0
Vsa/Sim/HtifMmio.lean	85	0	0	0	12	0	0
Vsa/Sim/InductionScaffold.lean	501	0	0	0	0	0	0
Vsa/Sim/InitGoodCommon.lean	66	0	0	0	6	0	0
Vsa/Sim/InitValues.lean	131	0	0	0	0	0	0
Vsa/Sim/InterpEntry.lean	345	0	0	0	0	0	0
Vsa/Sim/InterpSimBundle.lean	199	0	0	0	0	0	0
Vsa/Sim/InterpSimFinal.lean	107	0	0	0	0	0	0
Vsa/Sim/KeepRegs.lean	123	0	0	0	1	0	0
Vsa/Sim/LoopScaffoldClose.lean	104	0	0	0	0	0	0
Vsa/Sim/MemRead.lean	57	0	0	0	4	0	0
Vsa/Sim/MfrAttr.lean	10	0	0	0	0	0	0
Vsa/Sim/ReallocSpec.lean	112	0	0	0	0	0	0
Vsa/Sim/RegAccess.lean	778	0	0	0	63	0	0
Vsa/Sim/SegEval.lean	103	0	0	0	6	0	0
Vsa/Sim/SnprintfPost.lean	212	0	0	0	0	0	0
Vsa/Sim/SnprintfRecords.lean	316	0	0	0	0	0	0
Vsa/Sim/SnprintfSpec55.lean	194	0	0	0	0	0	0
Vsa/Sim/StateNF.lean	33	0	0	0	0	0	0
Vsa/Sim/StuckSimClose.lean	195	0	0	0	0	0	0
Vsa/Sim/TermSimAssembly.lean	322	0	0	0	0	0	0
Vsa/Sim/TermSimClose.lean	305	0	0	0	0	0	0
Vsa/Sim/rows/ErrSitesBatch0.lean	38	0	0	0	0	0	0
Vsa/Sim/rows/ErrSitesBatch1.lean	38	0	0	0	0	0	0
Vsa/Sim/rows/ErrSitesBatch2.lean	32	0	0	0	0	0	0
Vsa/Sim/rows/ErrSitesBatch3.lean	32	0	0	0	0	0	0
Vsa/Sim/rows/IntPostEpilogue.lean	128	0	0	0	0	0	0
Vsa/Triple.lean	197	0	0	0	1	0	0
Vsa/While/Ast.lean	68	0	0	0	0	0	0
Vsa/While/Cost.lean	1034	0	0	0	12	0	0
Vsa/While/Derive.lean	596	0	0	0	0	0	0
Vsa/While/Programs.lean	234	0	0	0	0	0	0
Vsa/While/Trichotomy.lean	215	0	0	0	0	0	0
Vsa/While/Validation.lean	82	0	0	0	0	0	0
