field	exact_probe	detail
hAndFalse	NOT_FOUND	
hAndTrue	NOT_FOUND	
hArgsCons	NOT_FOUND	
hArgsNil	NOT_FOUND	
hAssign	NOT_FOUND	
hBool	NOT_FOUND	
hCall	NOT_FOUND	
hCallAssertOk	NOT_FOUND	
hCallClosure	NOT_FOUND	
hCallPrint	NOT_FOUND	
hCallPrintln	NOT_FOUND	
hDivCorr	NOT_FOUND	
hDivOv	NOT_FOUND	
hEpilogueSpill	NOT_FOUND	
hEq	NOT_FOUND	
hFn	NOT_FOUND	
hIAdd	NOT_FOUND	
hIDiv	NOT_FOUND	
hIGe	NOT_FOUND	
hIGt	NOT_FOUND	
hILe	NOT_FOUND	
hILt	NOT_FOUND	
hIMod	NOT_FOUND	
hIMul	NOT_FOUND	
hISub	NOT_FOUND	
hInitStore	NOT_FOUND	
hInt	NOT_FOUND	
hNe	NOT_FOUND	
hNeg	NOT_FOUND	
hNot	NOT_FOUND	
hNull	NOT_FOUND	
hOrFalse	NOT_FOUND	
hOrTrue	NOT_FOUND	
hSBlock	NOT_FOUND	
hSBrk	NOT_FOUND	
hSCont	NOT_FOUND	
hSExpr	NOT_FOUND	
hSForStart	NOT_FOUND	
hSIfFalse	NOT_FOUND	
hSIfNone	NOT_FOUND	
hSIfTrue	NOT_FOUND	
hSRet	NOT_FOUND	
hSRetNull	NOT_FOUND	
hSVarInit	NOT_FOUND	
hSVarNull	NOT_FOUND	
hSWhileBreak	NOT_FOUND	
hSWhileFalse	NOT_FOUND	
hSeqConsAbrupt	NOT_FOUND	
hSeqConsNormal	NOT_FOUND	
hSeqNil	NOT_FOUND	
hStr	NOT_FOUND	
hStrAddL	NOT_FOUND	
hStrAddR	NOT_FOUND	
hStrGe	NOT_FOUND	
hStrGt	NOT_FOUND	
hStrLe	NOT_FOUND	
hStrLt	NOT_FOUND	
hVar	NOT_FOUND	
