Vsa.Sim.SnprintfSpec20	487.0
Vsa.Sim.EvalCallNative2	293.0
Vsa.Sim.EvalSimCommon	272.0
Vsa.Sim.EnvGetSpec4	255.0
Vsa.Sim.SnprintfSpec49	245.0
Vsa.Sim.EvalIntSim2	188.0
Vsa.Sim.rows.EvalGtRow	174.0
Vsa.Sim.rows.EvalLeRow	173.0
Vsa.Sim.rows.EvalLtRow	167.0
Vsa.Sim.rows.EvalAddRow	154.0
Vsa.Sim.rows.EvalSubRow	152.0
Vsa.Sim.SnprintfSpec17	150.0
Vsa.Sim.SnprintfSpec3	140.0
Vsa.Sim.SnprintfSpec4	139.0
Vsa.Sim.EvalLogical4	109.0
Vsa.Sim.SnprintfSpec43	107.0
Vsa.Sim.EvalLogical3	102.0
Vsa.Sim.JmpSpec	97.0
Vsa.Sim.EvalNegSim2	96.0
Vsa.Sim.SnprintfSpec46	93.0
Vsa.Sim.ExecBrkCont	93.0
Vsa.Sim.SnprintfSpec25	91.0
Vsa.Sim.rows.EvalGeRow	91.0
Vsa.Sim.EvalAndSim	91.0
Vsa.Sim.DecodeTable.Batch15Part23	90.0
Vsa.Sim.DecodeTable.Batch16Part11	89.0
Vsa.Sim.DecodeTable.Batch16Part30	87.0
Vsa.Sim.DecodeTable.Batch16Part20	87.0
Vsa.Sim.EnvGetSpec6	86.0
Vsa.Sim.DecodeTable.Batch16Part21	86.0
Vsa.Sim.DecodeTable.Batch16Part17	86.0
Vsa.Sim.DecodeTable.Batch16Part16	86.0
Vsa.Sim.DecodeTable.Batch16Part15	86.0
Vsa.Sim.DecodeTable.Batch16Part14	86.0
Vsa.Sim.DecodeTable.Batch16Part13	86.0
Vsa.Sim.ExecRecCommon	85.0
Vsa.Sim.DecodeTable.Batch16Part27	85.0
Vsa.Sim.DecodeTable.Batch16Part25	85.0
Vsa.Sim.DecodeTable.Batch16Part24	85.0
Vsa.Sim.DecodeTable.Batch16Part23	85.0
Vsa.Sim.DecodeTable.Batch16Part22	85.0
Vsa.Sim.DecodeTable.Batch16Part18	85.0
Vsa.Sim.DecodeTable.Batch16Part12	85.0
Vsa.Sim.DecodeTable.Batch16Part01	85.0
Vsa.Sim.DecodeTable.Batch15Part13	85.0
Vsa.Sim.DecodeTable.Batch16Part29	84.0
Vsa.Sim.DecodeTable.Batch16Part28	84.0
Vsa.Sim.DecodeTable.Batch16Part26	84.0
Vsa.Sim.DecodeTable.Batch16Part19	84.0
Vsa.Sim.DecodeTable.Batch16Part09	83.0
Vsa.Sim.DecodePilot	83.0
Vsa.Sim.DecodeTable.Batch16Part10	82.0
Vsa.Sim.DecodeTable.Batch16Part08	82.0
Vsa.Sim.DecodeTable.Batch16Part05	82.0
Vsa.Sim.DecodeTable.Batch16Part04	82.0
Vsa.Sim.DecodeTable.Batch16Part03	82.0
Vsa.Sim.DecodeTable.Batch16Part02	82.0
Vsa.Sim.DecodeTable.Batch16Part07	81.0
Vsa.Sim.DecodeTable.Batch16Part06	81.0
Vsa.Sim.DecodeTable.Batch17	80.0
Vsa.Sim.DecodeTable.Batch15Part32	80.0
Vsa.Sim.DecodeTable.Batch15Part31	79.0
Vsa.Sim.DecodeTable.Batch07Part21	79.0
Vsa.Sim.DecodeTable.Batch15Part30	78.0
Vsa.Sim.DecodeTable.Batch15Part29	78.0
Vsa.Sim.DecodeTable.Batch15Part28	78.0
Vsa.Sim.DecodeTable.Batch15Part26	78.0
Vsa.Sim.DecodeTable.Batch15Part24	78.0
Vsa.Sim.DecodeTable.Batch15Part20	78.0
Vsa.Sim.DecodeTable.Batch14Part25	78.0
Vsa.Sim.EvalOrSim	77.0
Vsa.Sim.DecodeTable.Batch15Part27	77.0
Vsa.Sim.DecodeTable.Batch15Part25	77.0
Vsa.Sim.DecodeTable.Batch15Part17	77.0
Vsa.Sim.DecodeTable.Batch15Part16	77.0
Vsa.Sim.DecodeTable.Batch15Part15	77.0
Vsa.Sim.DecodeTable.Batch15Part14	77.0
Vsa.Sim.DecodeTable.Batch15Part22	76.0
Vsa.Sim.DecodeTable.Batch15Part21	76.0
Vsa.Sim.DecodeTable.Batch15Part19	76.0
Vsa.Sim.DecodeTable.Batch15Part18	76.0
Vsa.Sim.DecodeTable.Batch15Part05	76.0
Vsa.Sim.DecodeTable.Batch15Part04	76.0
Vsa.Sim.DecodeTable.Batch15Part12	75.0
Vsa.Sim.DecodeTable.Batch15Part10	75.0
Vsa.Sim.DecodeTable.Batch15Part09	75.0
Vsa.Sim.DecodeTable.Batch15Part08	75.0
Vsa.Sim.DecodeTable.Batch15Part06	75.0
Vsa.Sim.DecodeTable.Batch15Part03	75.0
Vsa.Sim.DecodeTable.Batch15Part11	74.0
Vsa.Sim.DecodeTable.Batch15Part07	74.0
Vsa.Sim.DecodeTable.Batch07Part31	74.0
Vsa.Sim.SnprintfSpec45	73.0
Vsa.Sim.DecodeTable.Batch14Part29	73.0
Vsa.Sim.DecodeTable.Batch09Part26	73.0
Vsa.Sim.DecodeTable.Batch07Part01	73.0
Vsa.Sim.DecodeTable.Batch06Part32	73.0
Vsa.Sim.DecodeTable.Batch15Part01	72.0
Vsa.Sim.DecodeTable.Batch14Part32	72.0
Vsa.Sim.DecodeTable.Batch14Part31	72.0
Vsa.Sim.DecodeTable.Batch14Part30	72.0
Vsa.Sim.DecodeTable.Batch14Part28	72.0
Vsa.Sim.DecodeTable.Batch14Part27	72.0
Vsa.Sim.DecodeTable.Batch14Part26	72.0
Vsa.Sim.SnprintfSpec50	71.0
Vsa.Sim.DecodeTable.Batch15Part02	71.0
Vsa.Sim.DecodeTable.Batch07Part20	71.0
Vsa.Sim.DecodeTable.Batch06Part31	71.0
Vsa.Sim.DecodeTable.Batch06Part30	71.0
Vsa.Sim.DecodeTable.Batch06Part29	71.0
Vsa.Sim.DecodeTable.Batch06Part28	71.0
Vsa.Sim.DecodeTable.Batch06Part27	71.0
Vsa.Sim.DecodeTable.Batch06Part26	71.0
Vsa.Sim.DecodeTable.Batch06Part25	71.0
Vsa.Sim.DecodeTable.Batch06Part24	71.0
Vsa.Sim.StrcpySpecW3	70.0
Vsa.Sim.DecodeTable.Batch16Part31	70.0
Vsa.Sim.DecodeTable.Batch09Part16	70.0
Vsa.Sim.DecodeTable.Batch07Part11	70.0
Vsa.Sim.DecodeTable.Batch03Part20	70.0
Vsa.Sim.Code.Eval_expr	70.0
Vsa.Sim.DecodeTable.Batch14Part24	69.0
Vsa.Sim.DecodeTable.Batch08Part09	69.0
Vsa.Sim.DecodeTable.Batch07Part18	69.0
Vsa.Sim.DecodeTable.Batch07Part16	69.0
Vsa.Sim.DecodeTable.Batch07Part13	69.0
Vsa.Sim.DecodeTable.Batch06Part03	69.0
Vsa.Sim.EvalNotSim	68.0
Vsa.Sim.DecodeTable.RetSupp	68.0
Vsa.Sim.DecodeTable.Batch16Part32	68.0
Vsa.Sim.DecodeTable.Batch14Part23	68.0
Vsa.Sim.DecodeTable.Batch14Part19	68.0
Vsa.Sim.DecodeTable.Batch14Part18	68.0
Vsa.Sim.DecodeTable.Batch14Part17	68.0
Vsa.Sim.DecodeTable.Batch14Part16	68.0
Vsa.Sim.DecodeTable.Batch14Part15	68.0
Vsa.Sim.DecodeTable.Batch11Part31	68.0
Vsa.Sim.DecodeTable.Batch11Part30	68.0
Vsa.Sim.DecodeTable.Batch08Part08	68.0
Vsa.Sim.DecodeTable.Batch07Part19	68.0
Vsa.Sim.DecodeTable.Batch07Part17	68.0
Vsa.Sim.DecodeTable.Batch07Part15	68.0
Vsa.Sim.DecodeTable.Batch07Part14	68.0
Vsa.Sim.DecodeTable.Batch07Part12	68.0
Vsa.Sim.DecodeTable.Batch06Part23	68.0
Vsa.Sim.DecodeTable.Batch06Part02	68.0
Vsa.Sim.DecodeTable.Batch14Part22	67.0
Vsa.Sim.DecodeTable.Batch14Part21	67.0
Vsa.Sim.DecodeTable.Batch14Part20	67.0
Vsa.Sim.DecodeTable.Batch10Part24	67.0
Vsa.Sim.DecodeTable.Batch08Part17	67.0
Vsa.Sim.DecodeTable.Batch08Part16	67.0
Vsa.Sim.DecodeTable.Batch08Part12	67.0
Vsa.Sim.DecodeTable.Batch08Part11	67.0
Vsa.Sim.DecodeTable.Batch08Part10	67.0
Vsa.Sim.DecodeTable.Batch08Part07	67.0
Vsa.Sim.DecodeTable.Batch08Part05	67.0
Vsa.Sim.DecodeTable.Batch08Part04	67.0
Vsa.Sim.DecodeTable.Batch07Part08	67.0
Vsa.Sim.DecodeTable.Batch07Part07	67.0
Vsa.Sim.DecodeTable.Batch07Part06	67.0
Vsa.Sim.DecodeTable.Batch07Part05	67.0
Vsa.Sim.DecodeTable.Batch07Part04	67.0
Vsa.Sim.DecodeTable.Batch07Part03	67.0
Vsa.Sim.DecodeTable.Batch07Part02	67.0
Vsa.Sim.DecodeTable.Batch11Part27	66.0
Vsa.Sim.DecodeTable.Batch11Part26	66.0
Vsa.Sim.DecodeTable.Batch11Part25	66.0
Vsa.Sim.DecodeTable.Batch11Part24	66.0
Vsa.Sim.DecodeTable.Batch11Part23	66.0
Vsa.Sim.DecodeTable.Batch11Part22	66.0
Vsa.Sim.DecodeTable.Batch08Part18	66.0
Vsa.Sim.DecodeTable.Batch08Part15	66.0
Vsa.Sim.DecodeTable.Batch08Part14	66.0
Vsa.Sim.DecodeTable.Batch08Part13	66.0
Vsa.Sim.DecodeTable.Batch08Part06	66.0
Vsa.Sim.DecodeTable.Batch08Part03	66.0
Vsa.Sim.DecodeTable.Batch08Part02	66.0
Vsa.Sim.DecodeTable.Batch08Part01	66.0
Vsa.Sim.DecodeTable.Batch07Part32	66.0
Vsa.Sim.DecodeTable.Batch07Part30	66.0
Vsa.Sim.DecodeTable.Batch07Part09	66.0
Vsa.Sim.DecodeTable.Batch06Part13	66.0
Vsa.Sim.DecodeTable.Batch05Part25	66.0
Vsa.Sim.DecodeTable.Batch03Part19	66.0
Vsa.Sim.EvalBinSim	65.0
Vsa.Sim.DecodeTable.Batch11Part29	65.0
Vsa.Sim.DecodeTable.Batch11Part28	65.0
Vsa.Sim.DecodeTable.Batch07Part25	65.0
Vsa.Sim.DecodeTable.Batch07Part24	65.0
Vsa.Sim.DecodeTable.Batch07Part22	65.0
Vsa.Sim.DecodeTable.Batch07Part10	65.0
Vsa.Sim.DecodeTable.Batch06Part11	65.0
Vsa.Sim.DecodeTable.Batch06Part08	65.0
Vsa.Sim.DecodeTable.Batch06Part07	65.0
Vsa.Sim.DecodeTable.Batch06Part06	65.0
Vsa.Sim.DecodeTable.Batch06Part04	65.0
Vsa.Sim.DecodeTable.Batch06Part01	65.0
Vsa.Sim.DecodeTable.Batch05Part32	65.0
Vsa.Sim.DecodeTable.Batch05Part31	65.0
Vsa.Sim.DecodeTable.Batch05Part30	65.0
Vsa.Sim.DecodeTable.Batch05Part28	65.0
Vsa.Sim.DecodeTable.Batch05Part27	65.0
Vsa.Sim.DecodeTable.Batch05Part26	65.0
Vsa.Sim.SnprintfSpec5	64.0
Vsa.Sim.EnvNewSpec	64.0
Vsa.Sim.EnvGetSpec8	64.0
Vsa.Sim.DecodeTable.Batch12Part29	64.0
Vsa.Sim.DecodeTable.Batch10Part14	64.0
Vsa.Sim.DecodeTable.Batch09Part32	64.0
Vsa.Sim.DecodeTable.Batch09Part30	64.0
Vsa.Sim.DecodeTable.Batch09Part27	64.0
Vsa.Sim.DecodeTable.Batch09Part14	64.0
Vsa.Sim.DecodeTable.Batch09Part07	64.0
Vsa.Sim.DecodeTable.Batch07Part29	64.0
Vsa.Sim.DecodeTable.Batch07Part28	64.0
Vsa.Sim.DecodeTable.Batch07Part27	64.0
Vsa.Sim.DecodeTable.Batch07Part26	64.0
Vsa.Sim.DecodeTable.Batch07Part23	64.0
Vsa.Sim.DecodeTable.Batch06Part12	64.0
Vsa.Sim.DecodeTable.Batch06Part10	64.0
Vsa.Sim.DecodeTable.Batch06Part09	64.0
Vsa.Sim.DecodeTable.Batch06Part05	64.0
Vsa.Sim.DecodeTable.Batch05Part29	64.0
Vsa.Sim.DecodeTable.Batch05Part16	64.0
Vsa.Sim.DecodeTable.Batch03Part18	64.0
Vsa.Sim.DecodeTable.Batch12Part28	63.0
Vsa.Sim.DecodeTable.Batch10Part04	63.0
Vsa.Sim.DecodeTable.Batch10Part01	63.0
Vsa.Sim.DecodeTable.Batch09Part29	63.0
Vsa.Sim.DecodeTable.Batch09Part28	63.0
Vsa.Sim.DecodeTable.Batch09Part25	63.0
Vsa.Sim.DecodeTable.Batch09Part24	63.0
Vsa.Sim.DecodeTable.Batch09Part15	63.0
Vsa.Sim.DecodeTable.Batch08Part28	63.0
Vsa.Sim.DecodeTable.Batch06Part22	63.0
Vsa.Sim.DecodeTable.Batch03Part31	63.0
Vsa.Sim.DecodeTable.Batch03Part24	63.0
Vsa.Sim.DecodeTable.Batch03Part23	63.0
Vsa.Sim.DecodeTable.Batch03Part22	63.0
Vsa.Sim.DecodeTable.Batch03Part21	63.0
Vsa.Sim.DecodeTable.Batch14Part14	62.0
Vsa.Sim.DecodeTable.Batch14Part11	62.0
Vsa.Sim.DecodeTable.Batch14Part10	62.0
Vsa.Sim.DecodeTable.Batch14Part06	62.0
Vsa.Sim.DecodeTable.Batch12Part08	62.0
Vsa.Sim.DecodeTable.Batch12Part05	62.0
Vsa.Sim.DecodeTable.Batch12Part02	62.0
Vsa.Sim.DecodeTable.Batch11Part20	62.0
Vsa.Sim.DecodeTable.Batch10Part22	62.0
Vsa.Sim.DecodeTable.Batch09Part31	62.0
Vsa.Sim.DecodeTable.Batch09Part22	62.0
Vsa.Sim.DecodeTable.Batch09Part20	62.0
Vsa.Sim.DecodeTable.Batch09Part19	62.0
Vsa.Sim.DecodeTable.Batch09Part17	62.0
Vsa.Sim.DecodeTable.Batch09Part13	62.0
Vsa.Sim.DecodeTable.Batch09Part12	62.0
Vsa.Sim.DecodeTable.Batch09Part11	62.0
Vsa.Sim.DecodeTable.Batch09Part10	62.0
Vsa.Sim.DecodeTable.Batch09Part09	62.0
Vsa.Sim.DecodeTable.Batch09Part08	62.0
Vsa.Sim.DecodeTable.Batch05Part24	62.0
Vsa.Sim.DecodeTable.Batch04Part08	62.0
Vsa.Sim.DecodeTable.Batch04Part05	62.0
Vsa.Sim.DecodeTable.Batch04Part01	62.0
Vsa.Sim.DecodeTable.Batch03Part32	62.0
Vsa.Sim.DecodeTable.Batch03Part25	62.0
Vsa.Sim.SnprintfSpec7	61.0
Vsa.Sim.Regions	61.0
Vsa.Sim.DecodeTable.Batch14Part13	61.0
Vsa.Sim.DecodeTable.Batch14Part12	61.0
Vsa.Sim.DecodeTable.Batch14Part09	61.0
Vsa.Sim.DecodeTable.Batch14Part08	61.0
Vsa.Sim.DecodeTable.Batch14Part07	61.0
Vsa.Sim.DecodeTable.Batch13Part05	61.0
Vsa.Sim.DecodeTable.Batch13Part04	61.0
Vsa.Sim.DecodeTable.Batch13Part03	61.0
Vsa.Sim.DecodeTable.Batch13Part02	61.0
Vsa.Sim.DecodeTable.Batch13Part01	61.0
Vsa.Sim.DecodeTable.Batch12Part32	61.0
Vsa.Sim.DecodeTable.Batch12Part31	61.0
Vsa.Sim.DecodeTable.Batch12Part30	61.0
Vsa.Sim.DecodeTable.Batch12Part19	61.0
Vsa.Sim.DecodeTable.Batch12Part09	61.0
Vsa.Sim.DecodeTable.Batch12Part01	61.0
Vsa.Sim.DecodeTable.Batch11Part32	61.0
Vsa.Sim.DecodeTable.Batch11Part21	61.0
Vsa.Sim.DecodeTable.Batch11Part02	61.0
Vsa.Sim.DecodeTable.Batch10Part23	61.0
Vsa.Sim.DecodeTable.Batch10Part18	61.0
Vsa.Sim.DecodeTable.Batch10Part17	61.0
Vsa.Sim.DecodeTable.Batch10Part13	61.0
Vsa.Sim.DecodeTable.Batch10Part03	61.0
Vsa.Sim.DecodeTable.Batch10Part02	61.0
Vsa.Sim.DecodeTable.Batch09Part23	61.0
Vsa.Sim.DecodeTable.Batch09Part21	61.0
Vsa.Sim.DecodeTable.Batch09Part18	61.0
Vsa.Sim.DecodeTable.Batch09Part06	61.0
Vsa.Sim.DecodeTable.Batch09Part04	61.0
Vsa.Sim.DecodeTable.Batch06Part18	61.0
Vsa.Sim.DecodeTable.Batch06Part17	61.0
Vsa.Sim.DecodeTable.Batch06Part14	61.0
Vsa.Sim.DecodeTable.Batch05Part23	61.0
Vsa.Sim.DecodeTable.Batch05Part22	61.0
Vsa.Sim.DecodeTable.Batch05Part21	61.0
Vsa.Sim.DecodeTable.Batch05Part20	61.0
Vsa.Sim.DecodeTable.Batch05Part19	61.0
Vsa.Sim.DecodeTable.Batch05Part18	61.0
Vsa.Sim.DecodeTable.Batch05Part17	61.0
Vsa.Sim.DecodeTable.Batch04Part28	61.0
Vsa.Sim.DecodeTable.Batch04Part18	61.0
Vsa.Sim.DecodeTable.Batch04Part04	61.0
Vsa.Sim.DecodeTable.Batch04Part03	61.0
Vsa.Sim.DecodeTable.Batch04Part02	61.0
Vsa.Sim.DecodeTable.Batch03Part27	61.0
Vsa.Sim.DecodeTable.Batch03Part26	61.0
Vsa.Sim.SnprintfSpec8	60.0
Vsa.Sim.SnprintfSpec11	60.0
Vsa.Sim.DecodeTable.Batch14Part05	60.0
Vsa.Sim.DecodeTable.Batch13Part07	60.0
Vsa.Sim.DecodeTable.Batch12Part27	60.0
Vsa.Sim.DecodeTable.Batch12Part26	60.0
Vsa.Sim.DecodeTable.Batch12Part25	60.0
Vsa.Sim.DecodeTable.Batch12Part24	60.0
Vsa.Sim.DecodeTable.Batch12Part22	60.0
Vsa.Sim.DecodeTable.Batch12Part21	60.0
Vsa.Sim.DecodeTable.Batch12Part20	60.0
Vsa.Sim.DecodeTable.Batch12Part18	60.0
Vsa.Sim.DecodeTable.Batch12Part07	60.0
Vsa.Sim.DecodeTable.Batch12Part04	60.0
Vsa.Sim.DecodeTable.Batch12Part03	60.0
Vsa.Sim.DecodeTable.Batch11Part19	60.0
Vsa.Sim.DecodeTable.Batch11Part18	60.0
Vsa.Sim.DecodeTable.Batch11Part16	60.0
Vsa.Sim.DecodeTable.Batch11Part15	60.0
Vsa.Sim.DecodeTable.Batch11Part12	60.0
Vsa.Sim.DecodeTable.Batch10Part25	60.0
Vsa.Sim.DecodeTable.Batch10Part20	60.0
Vsa.Sim.DecodeTable.Batch10Part19	60.0
Vsa.Sim.DecodeTable.Batch10Part16	60.0
Vsa.Sim.DecodeTable.Batch10Part15	60.0
Vsa.Sim.DecodeTable.Batch10Part12	60.0
Vsa.Sim.DecodeTable.Batch10Part10	60.0
Vsa.Sim.DecodeTable.Batch10Part08	60.0
Vsa.Sim.DecodeTable.Batch10Part05	60.0
Vsa.Sim.DecodeTable.Batch06Part21	60.0
Vsa.Sim.DecodeTable.Batch06Part20	60.0
Vsa.Sim.DecodeTable.Batch06Part19	60.0
Vsa.Sim.DecodeTable.Batch06Part16	60.0
Vsa.Sim.DecodeTable.Batch06Part15	60.0
Vsa.Sim.DecodeTable.Batch05Part06	60.0
Vsa.Sim.DecodeTable.Batch04Part07	60.0
Vsa.Sim.DecodeTable.Batch04Part06	60.0
Vsa.Sim.SnprintfSpec35	59.0
Vsa.Sim.DecodeTable.Batch13Part06	59.0
Vsa.Sim.DecodeTable.Batch12Part23	59.0
Vsa.Sim.DecodeTable.Batch12Part13	59.0
Vsa.Sim.DecodeTable.Batch12Part12	59.0
Vsa.Sim.DecodeTable.Batch12Part11	59.0
Vsa.Sim.DecodeTable.Batch12Part06	59.0
Vsa.Sim.DecodeTable.Batch11Part17	59.0
Vsa.Sim.DecodeTable.Batch11Part14	59.0
Vsa.Sim.DecodeTable.Batch11Part13	59.0
Vsa.Sim.DecodeTable.Batch11Part11	59.0
Vsa.Sim.DecodeTable.Batch11Part09	59.0
Vsa.Sim.DecodeTable.Batch11Part08	59.0
Vsa.Sim.DecodeTable.Batch11Part07	59.0
Vsa.Sim.DecodeTable.Batch11Part04	59.0
Vsa.Sim.DecodeTable.Batch11Part03	59.0
Vsa.Sim.DecodeTable.Batch10Part32	59.0
Vsa.Sim.DecodeTable.Batch10Part21	59.0
Vsa.Sim.DecodeTable.Batch10Part11	59.0
Vsa.Sim.DecodeTable.Batch10Part09	59.0
Vsa.Sim.DecodeTable.Batch10Part06	59.0
Vsa.Sim.DecodeTable.Batch09Part05	59.0
Vsa.Sim.DecodeTable.Batch09Part03	59.0
Vsa.Sim.DecodeTable.Batch09Part02	59.0
Vsa.Sim.DecodeTable.Batch09Part01	59.0
Vsa.Sim.DecodeTable.Batch08Part32	59.0
Vsa.Sim.DecodeTable.Batch08Part31	59.0
Vsa.Sim.DecodeTable.Batch08Part27	59.0
Vsa.Sim.DecodeTable.Batch05Part15	59.0
Vsa.Sim.DecodeTable.Batch03Part30	59.0
Vsa.Sim.DecodeTable.Batch03Part28	59.0
Vsa.Sim.DecodeTable.Batch03Part17	59.0
Vsa.Sim.DecodeTable.Batch03Part16	59.0
Vsa.Sim.DecodeTable.Batch03Part13	59.0
Vsa.Sim.DecodeTable.Batch12Part16	58.0
Vsa.Sim.DecodeTable.Batch12Part14	58.0
Vsa.Sim.DecodeTable.Batch12Part10	58.0
Vsa.Sim.DecodeTable.Batch11Part10	58.0
Vsa.Sim.DecodeTable.Batch11Part06	58.0
Vsa.Sim.DecodeTable.Batch11Part05	58.0
Vsa.Sim.DecodeTable.Batch11Part01	58.0
Vsa.Sim.DecodeTable.Batch10Part30	58.0
Vsa.Sim.DecodeTable.Batch10Part27	58.0
Vsa.Sim.DecodeTable.Batch10Part07	58.0
Vsa.Sim.DecodeTable.Batch08Part29	58.0
Vsa.Sim.DecodeTable.Batch08Part19	58.0
Vsa.Sim.DecodeTable.Batch03Part14	58.0
Vsa.Sim.DecodeTable.Batch03Part12	58.0
Vsa.Sim.DecodeTable.Batch03Part11	58.0
Vsa.Sim.DecodeTable.Batch13Part32	57.0
Vsa.Sim.DecodeTable.Batch13Part29	57.0
Vsa.Sim.DecodeTable.Batch13Part28	57.0
Vsa.Sim.DecodeTable.Batch13Part27	57.0
Vsa.Sim.DecodeTable.Batch13Part15	57.0
Vsa.Sim.DecodeTable.Batch13Part13	57.0
Vsa.Sim.DecodeTable.Batch12Part17	57.0
Vsa.Sim.DecodeTable.Batch12Part15	57.0
Vsa.Sim.DecodeTable.Batch10Part31	57.0
Vsa.Sim.DecodeTable.Batch10Part29	57.0
Vsa.Sim.DecodeTable.Batch10Part28	57.0
Vsa.Sim.DecodeTable.Batch10Part26	57.0
Vsa.Sim.DecodeTable.Batch08Part30	57.0
Vsa.Sim.DecodeTable.Batch08Part26	57.0
Vsa.Sim.DecodeTable.Batch08Part25	57.0
Vsa.Sim.DecodeTable.Batch08Part24	57.0
Vsa.Sim.DecodeTable.Batch08Part23	57.0
Vsa.Sim.DecodeTable.Batch08Part22	57.0
Vsa.Sim.DecodeTable.Batch08Part21	57.0
Vsa.Sim.DecodeTable.Batch08Part20	57.0
Vsa.Sim.DecodeTable.Batch03Part29	57.0
Vsa.Sim.DecodeTable.Batch03Part15	57.0
Vsa.Sim.DecodeTable.Batch14Part04	56.0
Vsa.Sim.DecodeTable.Batch14Part03	56.0
Vsa.Sim.DecodeTable.Batch14Part02	56.0
Vsa.Sim.DecodeTable.Batch14Part01	56.0
Vsa.Sim.DecodeTable.Batch13Part31	56.0
Vsa.Sim.DecodeTable.Batch13Part30	56.0
Vsa.Sim.DecodeTable.Batch13Part25	56.0
Vsa.Sim.DecodeTable.Batch13Part17	56.0
Vsa.Sim.DecodeTable.Batch13Part14	56.0
Vsa.Sim.DecodeTable.Batch13Part12	56.0
Vsa.Sim.DecodeTable.Batch13Part11	56.0
Vsa.Sim.DecodeTable.Batch13Part10	56.0
Vsa.Sim.DecodeTable.Batch13Part09	56.0
Vsa.Sim.DecodeTable.Batch13Part08	56.0
Vsa.Sim.DecodeTable.Batch05Part14	56.0
Vsa.Sim.ExecRet	55.0
Vsa.Sim.DecodeTable.Batch13Part21	55.0
Vsa.Sim.DecodeTable.Batch13Part19	55.0
Vsa.Sim.DecodeTable.Batch05Part11	55.0
Vsa.Sim.DecodeTable.Batch05Part10	55.0
Vsa.Sim.DecodeTable.Batch05Part09	55.0
Vsa.Sim.DecodeTable.Batch05Part08	55.0
Vsa.Sim.DecodeTable.Batch05Part07	55.0
Vsa.Sim.DecodeTable.Batch05Part05	55.0
Vsa.Sim.ValueSpec	54.0
Vsa.Sim.DecodeTable.Batch13Part26	54.0
Vsa.Sim.DecodeTable.Batch13Part24	54.0
Vsa.Sim.DecodeTable.Batch13Part23	54.0
Vsa.Sim.DecodeTable.Batch13Part22	54.0
Vsa.Sim.DecodeTable.Batch13Part18	54.0
Vsa.Sim.DecodeTable.Batch13Part16	54.0
Vsa.Sim.DecodeTable.Batch05Part13	54.0
Vsa.Sim.DecodeTable.Batch05Part12	54.0
Vsa.Sim.DecodeTable.Batch04Part25	54.0
Vsa.Sim.DecodeTable.Batch04Part24	54.0
Vsa.Sim.DecodeTable.Batch04Part23	54.0
Vsa.Sim.DecodeTable.Batch04Part22	54.0
Vsa.Sim.DecodeTable.Batch04Part21	54.0
Vsa.Sim.DecodeTable.Batch04Part20	54.0
Vsa.Sim.DecodeTable.Batch04Part19	54.0
Vsa.Sim.DecodeTable.Batch04Part17	54.0
Vsa.Sim.DecodeTable.Batch04Part16	54.0
Vsa.Sim.DecodeTable.Batch04Part14	54.0
Vsa.Sim.DecodeTable.Batch04Part13	54.0
Vsa.Sim.DecodeTable.Batch04Part12	54.0
Vsa.Sim.DecodeTable.Batch04Part11	54.0
Vsa.Sim.DecodeTable.Batch04Part09	54.0
Vsa.Sim.DecodeTable.Batch02Part13	54.0
Vsa.Sim.DecodeTable.Batch13Part20	53.0
Vsa.Sim.DecodeTable.Batch05Part04	53.0
Vsa.Sim.DecodeTable.Batch05Part02	53.0
Vsa.Sim.DecodeTable.Batch05Part01	53.0
Vsa.Sim.DecodeTable.Batch04Part30	53.0
Vsa.Sim.DecodeTable.Batch04Part27	53.0
Vsa.Sim.DecodeTable.Batch04Part26	53.0
Vsa.Sim.DecodeTable.Batch04Part15	53.0
Vsa.Sim.DecodeTable.Batch04Part10	53.0
Vsa.Sim.DecodeTable.Batch05Part03	52.0
Vsa.Sim.DecodeTable.Batch04Part32	52.0
Vsa.Sim.DecodeTable.Batch04Part31	52.0
Vsa.Sim.DecodeTable.Batch04Part29	52.0
Vsa.Sim.DecodeTable.Batch02Part32	52.0
Vsa.Sim.DecodeTable.Batch02Part23	52.0
Vsa.Sim.DecodeTable.Batch03Part10	50.0
Vsa.Sim.DecodeTable.Batch03Part07	50.0
Vsa.Sim.DecodeTable.Batch03Part06	50.0
Vsa.Sim.DecodeTable.Batch03Part03	50.0
Vsa.Sim.DecodeTable.Batch03Part02	50.0
Vsa.Sim.DecodeTable.Batch03Part01	50.0
Vsa.Sim.DecodeTable.Batch02Part31	50.0
Vsa.Sim.DecodeTable.Batch02Part25	50.0
Vsa.Sim.DecodeTable.Batch02Part21	50.0
Vsa.Sim.DecodeTable.Batch03Part09	49.0
Vsa.Sim.DecodeTable.Batch03Part08	49.0
Vsa.Sim.DecodeTable.Batch03Part05	49.0
Vsa.Sim.DecodeTable.Batch03Part04	49.0
Vsa.Sim.DecodeTable.Batch02Part30	49.0
Vsa.Sim.DecodeTable.Batch02Part28	49.0
Vsa.Sim.DecodeTable.Batch02Part27	49.0
Vsa.Sim.DecodeTable.Batch02Part26	49.0
Vsa.Sim.DecodeTable.Batch02Part24	49.0
Vsa.Sim.DecodeTable.Batch02Part22	49.0
Vsa.Sim.DecodeTable.Batch02Part19	49.0
Vsa.Sim.DecodeTable.Batch02Part15	49.0
Vsa.Sim.DecodeTable.Batch02Part14	49.0
Vsa.Sim.DecodeTable.Batch02Part04	49.0
Vsa.Sim.DecodeTable.Batch02Part29	48.0
Vsa.Sim.DecodeTable.Batch02Part20	48.0
Vsa.Sim.DecodeTable.Batch02Part18	48.0
Vsa.Sim.DecodeTable.Batch02Part17	48.0
Vsa.Sim.DecodeTable.Batch02Part16	48.0
Vsa.Sim.DecodeTable.Batch02Part11	48.0
Vsa.Sim.DecodeTable.Batch02Part05	48.0
Vsa.Sim.DecodeTable.Batch02Part03	48.0
Vsa.Sim.DecodeTable.Batch02Part12	47.0
Vsa.Sim.DecodeTable.Batch02Part10	47.0
Vsa.Sim.DecodeTable.Batch02Part07	47.0
Vsa.Sim.DecodeTable.Batch02Part09	46.0
Vsa.Sim.DecodeTable.Batch02Part08	46.0
Vsa.Sim.DecodeTable.Batch02Part06	46.0
Vsa.Sim.ValueTruthySpec	44.0
Vsa.Sim.DecodeTable.Batch02Part02	43.0
Vsa.Sim.DecodeTable.Batch01Part26	43.0
Vsa.Sim.DecodeTable.Batch01Part25	43.0
Vsa.Sim.DecodeTable.Batch02Part01	41.0
Vsa.Sim.DecodeTable.Batch01Part32	41.0
Vsa.Sim.DecodeTable.Batch01Part28	41.0
Vsa.Sim.rows.EvalMulRow	40.0
Vsa.Sim.DecodeTable.Batch01Part30	40.0
Vsa.Sim.DecodeTable.Batch01Part29	40.0
Vsa.Sim.DecodeTable.Batch01Part31	39.0
Vsa.Sim.DecodeTable.Batch01Part27	39.0
Vsa.Sim.DecodeTable.Batch01Part24	39.0
Vsa.Sim.DecodeTable.Batch01Part23	39.0
Vsa.Sim.DecodeTable.Batch01Part15	39.0
Vsa.Sim.Tick	37.0
Vsa.Sim.DecodeTable.Batch01Part16	37.0
Vsa.Sim.ValueEqualSpec3	36.0
Vsa.Sim.SnprintfSpec40	36.0
Vsa.Sim.DecodeTable.Batch01Part22	36.0
Vsa.Sim.DecodeTable.Batch01Part21	36.0
Vsa.Sim.DecodeTable.Batch01Part20	36.0
Vsa.Sim.DecodeTable.Batch01Part19	36.0
Vsa.Sim.DecodeTable.Batch01Part18	36.0
Vsa.Sim.DecodeTable.Batch01Part08	36.0
Vsa.Sim.SnprintfSpec36	35.0
Vsa.Sim.EnvDefSpec4	35.0
Vsa.Sim.DecodeTable.Batch01Part17	35.0
Vsa.Sim.DecodeTable.Batch01Part14	35.0
Vsa.Sim.DecodeTable.Batch01Part11	34.0
Vsa.Sim.DecodeTable.Batch01Part09	34.0
Vsa.Sim.MemcpySpec	33.0
Vsa.Sim.DecodeTable.Batch01Part13	33.0
Vsa.Sim.DecodeTable.Batch01Part12	33.0
Vsa.Sim.DecodeTable.Batch01Part10	33.0
Vsa.Sim.ExecDispatch	32.0
Vsa.Sim.DecodeTable.Batch01Part07	32.0
Vsa.Sim.ExecRetNull	31.0
Vsa.Sim.EnvDefSpec	30.0
Vsa.Sim.EvalVarSim	29.0
Vsa.Sim.EnvGetSpec7	29.0
Vsa.Sim.DecodeTable.Batch01Part06	29.0
Vsa.Sim.Code.SvfprintfSlice	29.0
Vsa.Sim.SegFrameFactsAuto	28.0
Vsa.Sim.DeriveCallSeg	27.0
Vsa.Sim.StrcpySpecW2	26.0
Vsa.Sim.SnprintfSpec29	26.0
Vsa.Sim.SnprintfSpec15	26.0
Vsa.Sim.StrlenSpec	25.0
Vsa.Sim.MemcpySpec4	25.0
Vsa.Sim.SnprintfSpec30	24.0
Vsa.Sim.SnprintfSpec24	24.0
Vsa.Sim.SnprintfSpec26	23.0
Vsa.Sim.EqNeDispatchStrong	23.0
Vsa.Sim.DecodeTable.Batch01Part04	22.0
Vsa.Sim.DecodeTable.Batch01Part03	22.0
Vsa.Sim.DecodeTable.Batch01Part02	22.0
Vsa.Sim.DecodeTable.Batch01Part01	22.0
Vsa.Sim.SnprintfSpec37	21.0
Vsa.Sim.DecodeTable.Batch01Part05	21.0
Vsa.Sim.StrcpySpec	20.0
Vsa.Sim.SnprintfSpec51	20.0
Vsa.Sim.SnprintfSpec27	20.0
Vsa.Sim.SnprintfSpec19	20.0
Vsa.Sim.MemStore	20.0
Vsa.Sim.EvalLogical2	20.0
Vsa.Sim.Decode	20.0
Vsa.Sim.StrcmpSites	19.0
Vsa.While.Trichotomy	18.0
Vsa.Sim.SnprintfSpec31	18.0
Vsa.Sim.ModDispatchStrong	18.0
Vsa.Sim.DecodeTable.Batch15	18.0
Vsa.Sim.DecodeTable.Batch14	18.0
Vsa.Sim.DecodeTable.Batch13	18.0
Vsa.Sim.StrlenSites	17.0
Vsa.Sim.StrcpySites	17.0
Vsa.Sim.SnprintfSpec28	17.0
Vsa.Sim.StrcmpSpecW	16.0
Vsa.Sim.rows.EvalDivRow	16.0
Vsa.Sim.StrcmpSpecW2	15.0
Vsa.Sim.SnprintfSpec52	15.0
Vsa.Sim.EvalOrChain	15.0
Vsa.Sim.EvalAndChain	15.0
Vsa.Sim.DivSpec3	15.0
Vsa.Sim.Dispatch	15.0
Vsa.Sim.DecodeTable.Batch12	15.0
Vsa.RuntimeRepr	15.0
Vsa.Sim.SnprintfSpec12	14.0
Vsa.Sim.DecodeTable.Batch10	14.0
Vsa.Refinement	14.0
Vsa.Sim.StrlenSpecU	13.0
Vsa.Sim.EvalRecCommon	13.0
Vsa.Sim.DecodeTable.Batch11	13.0
Vsa.Sim.StrcmpSpecW3	12.0
Vsa.Sim.SnprintfSpec32	12.0
Vsa.Sim.SnprintfSpec14	12.0
Vsa.Sim.SnprintfSitesPro	12.0
Vsa.Sim.HtifMmio	12.0
Vsa.Sim.SsprintSites	11.0
Vsa.Sim.SnprintfSpec22	11.0
Vsa.Sim.MemLoad	11.0
Vsa.Sim.MemcpySpec2	11.0
Vsa.Sim.Htif	11.0
Vsa.Sim.EvalAddChain	11.0
Vsa.Sim.EnvGetSites2	11.0
Vsa.Sim.EnvDefSites	11.0
Vsa.Sim.DecodeTable.Batch09	11.0
Vsa.Sim.BlockMem	11.0
Vsa.Sim.BinopChainGen	11.0
Vsa.Sim.ValueSites	10.0
Vsa.Sim.ValueEqualSpec	10.0
Vsa.Sim.SnprintfSpec33	10.0
Vsa.Sim.SnprintfSpec16	10.0
Vsa.Sim.SnprintfSitesRet	10.0
Vsa.Sim.Skeleton	10.0
Vsa.Sim.rows.EvalModRow	10.0
Vsa.Sim.JmpSites	10.0
Vsa.Sim.FrameOn	10.0
Vsa.Sim.DeriveLoop	10.0
Vsa.Sim.CmpTailSitesGen	10.0
Vsa.MemRepr	10.0
Vsa.Sim.SnprintfSitesWrap	9.7
Vsa.Sim.ExecuteStore	9.7
Vsa.Sim.DecodeTable.Batch08	9.5
Vsa.Sim.EvalStrSim	9.4
Vsa.Sim.AddTailSites	9.4
Vsa.While.ErrorSem	9.3
Vsa.Sim.Hooks	9.2
Vsa.Sim.DivSites	9.2
Vsa.Sim.SnprintfSpec9	9.1
Vsa.Sim.EvalSubChain	9.1
Vsa.Sim.StepBeq	9.0
Vsa.Sim.StepJump	8.9
Vsa.Sim.SnprintfSpec10	8.9
Vsa.Sim.ExecuteJump	8.8
Vsa.Sim.EvalMulChain	8.7
Vsa.Sim.EvalExprSites	8.7
Vsa.Sim.BlockLogic	8.6
Vsa.Sim.ValueEqualSites	8.5
Vsa.Sim.Exec_stmtSites	8.5
Vsa.Sim.EvalBoolSim	8.3
Vsa.Sim.NativeAssertSites	8.2
Vsa.Sim.LogicalSites	8.2
Vsa.Sim.SsputsSites	8.1
Vsa.Sim.ExecuteBranch	8.1
Vsa.Sim.DecodeTable.Batch01	8.1
Vsa.Sim.BlockPilot	8.1
Vsa.Sim.HtifLift	7.9
Vsa.Sim.Exec_stmtSites2	7.9
Vsa.Sim.StrcpySpecW	7.8
Vsa.Sim.MemcpySpec3	7.8
Vsa.Sim.DecodeTable.Batch02	7.8
Vsa.Sim.Muldi3Spec	7.7
Vsa.Sim.ExecBlock	7.7
Vsa.Sim.LogicalSites2	7.6
Vsa.Sim.DecodeTable.Batch03	7.6
Vsa.Sim.ErrorSiteRows2	7.4
Vsa.Sim.EvalDivChain	7.3
Vsa.Sim.StrcmpSpec	7.1
Vsa.Sim.SnprintfSites3	7.1
Vsa.Sim.EvalNegSim	7.1
Vsa.Sim.SnprintfProCommon	7.0
Vsa.Sim.StepBranch	6.9
Vsa.Sim.Muldi3Sites	6.9
Vsa.Sim.EvalLeChain	6.8
Vsa.Sim.Code.Exec_stmt	6.8
Vsa.Sim.ChainFactsTac	6.8
Vsa.Sim.SnprintfSitesPrint	6.7
Vsa.Sim.NegTailSites	6.7
Vsa.Sim.EvalLtChain	6.7
Vsa.Sim.SnprintfSpec34	6.6
Vsa.Sim.EvalIntSim4	6.6
Vsa.Sim.BlockTerm	6.6
Vsa.Sim.SnprintfSitesFlush	6.5
Vsa.Sim.MemcpySites	6.5
Vsa.Sim.BinopTailGen	6.5
Vsa.Sim.SubTailSites	6.4
Vsa.Sim.StackSlotGeom	6.4
Vsa.Sim.SegFrameFacts	6.4
Vsa.Sim.EnvNewSites	6.4
Vsa.Sim.DemoStore	6.3
Vsa.Sim.SnprintfSpec18	6.2
Vsa.Sim.MemcpySites2	6.2
Vsa.Sim.DivLoops	6.2
Vsa.Sim.DecodeTable	6.2
Vsa.Sim.SnprintfSpec21	6.1
Vsa.Sim.ExecBlockSites	6.0
Vsa.Sim.EnvGetSpec3	6.0
Vsa.Sim.DecodeTable.Batch16	6.0
Vsa.Sim.SnprintfSpec13	5.9
Vsa.Sim.SnprintfSites	5.9
Vsa.Sim.EvalGtChain	5.9
Vsa.Sim.DemoLoad	5.9
Vsa.Sim.rows.EvalEqNeRow	5.8
Vsa.Sim.rows.ErrSitesBatch1	5.8
Vsa.Sim.NotTailSites	5.7
Vsa.Sim.SnprintfSpec42	5.6
Vsa.Sim.rows.ErrSitesBatch0	5.6
Vsa.Sim.PinW	5.6
Vsa.Sim.Exec_stmtSites3	5.6
Vsa.Sim.EvalGeChain	5.6
Vsa.Sim.Code.FlushPins	5.6
Vsa.Alloc	5.6
Vsa.Sim.SnprintfSpec54	5.5
Vsa.Sim.NativeWrapperSites	5.5
Vsa.Sim.ExecuteLoad	5.5
Vsa.Sim.EnvGetSites	5.5
Vsa.Sim.DivSpec	5.5
Vsa.Sim.ValueEqualSpec2	5.3
Vsa.Sim.StepAddi	5.3
Vsa.Sim.EqNeTailSites	5.3
Vsa.Sim.EqNeDispatchSeg	5.3
Vsa.Sim.DecodeTable.Batch07	5.3
Vsa.Sim.AstTransport	5.3
Vsa.Sim.SnprintfSitesPro3	5.2
Vsa.Sim.SnprintfSites2	5.2
Vsa.Sim.rows.ErrSitesBatch3	5.2
Vsa.Sim.rows.ErrSitesBatch2	5.2
Vsa.Sim.InductionScaffold	5.1
Vsa.Sim.MemcpySites3	5.0
Vsa.Sim.BinHeadSites	5.0
Vsa.Sim.ExecWhile	4.9
Vsa.Sim.DivDispatchSeg	4.9
Vsa.Sim.TermSimAssembly	4.8
Vsa.Sim.StepAlu	4.8
Vsa.Sim.MemcpySites4	4.8
Vsa.Sim.EvalGtBlocks	4.8
Vsa.Sim.ValueEqualSites3	4.7
Vsa.Sim.SnprintfSpec44	4.7
Vsa.Sim.EvalCallNative3	4.7
Vsa.Sim.BlockAdapter	4.7
Vsa.Sim.ModTailSites	4.6
Vsa.Sim.ModDispatchSeg	4.6
Vsa.Sim.ExecVarNull	4.6
Vsa.Sim.DecodeTable.Batch06	4.6
Vsa.Sim.DecodeTable.Batch05	4.6
Vsa.Sim.EnvGetSpec	4.5
Vsa.Sim.SnprintfSitesRet5	4.4
Vsa.Sim.ExecEntry	4.4
Vsa.Sim.EvalNullSim	4.4
Vsa.Sim.EvalModValueTail	4.4
Vsa.Sim.EvalIntSim	4.4
Vsa.Sim.EvalGtBlk1Pilot	4.4
Vsa.Sim.DecodeTable.Batch04	4.4
Vsa.Sim.SnprintfSpec53	4.3
Vsa.Sim.SnprintfSitesRet4	4.3
Vsa.Sim.SnprintfSitesFast	4.3
Vsa.Sim.CmpTailSites	4.3
Vsa.Sim.BoolBoxEpilogue	4.3
Vsa.Sim.SnprintfSpec41	4.2
Vsa.Sim.ReprCopy	4.2
Vsa.Sim.DivTailSites	4.2
Vsa.Sim.BlockGen	4.2
Vsa.Sim.StrcmpSpecW4	4.1
Vsa.Sim.StepStore	4.1
Vsa.Sim.SnprintfSpec47	4.1
Vsa.Sim.SnprintfSpec2	4.1
Vsa.Sim.SnprintfSitesFast2	4.1
Vsa.Sim.InterpEntry	4.1
Vsa.Sim.ValueEqualSpec4	4.0
Vsa.Sim.StrlenMagic	4.0
Vsa.Sim.SnprintfSitesRet3	4.0
Vsa.Sim.MemLoadTotal	4.0
Vsa.Sim.ErrorSiteRows	4.0
Vsa.Sim.StepFrameOut	3.9
Vsa.Sim.LoopScaffoldClose	3.9
Vsa.Sim.BlockMemDemo	3.9
Vsa.Sim.SnprintfSitesPro2	3.8
Vsa.Sim.ReprSurvival	3.8
Vsa.Sim.LoopStep	3.8
Vsa.Sim.EvalNegSim3	3.8
Vsa.Sim.DivSites2	3.8
Vsa.Sim.Code.Env_define	3.8
Vsa.Sim.CmpDispatchSeg	3.8
Vsa.Sim.CmpArmSeg	3.8
Vsa.Sim.BlockTactics2	3.8
Vsa.Sim.SnprintfSpec23	3.7
Vsa.Sim.NegBlockProto	3.7
Vsa.Sim.ChainFrameOut	3.7
Vsa.Sim.BoxSuffixSeams	3.7
Vsa.Sim.SnprintfSpec38	3.6
Vsa.Sim.PtrArith	3.6
Vsa.Sim.MulTailSites	3.6
Vsa.Sim.ImageDischarge	3.6
Vsa.Sim.HeapOps	3.6
Vsa.Sim.DivSites3	3.6
Vsa.Sim.SnprintfSpec6	3.5
Vsa.Sim.RegPins	3.5
Vsa.Sim.ExecIf2	3.5
Vsa.Sim.ErrorSites	3.5
Vsa.Sim.SpillSafe	3.4
Vsa.Sim.EvalDivArm	3.4
Vsa.Sim.EnvGetSpec2	3.4
Vsa.Sim.EnvDefSpec5	3.4
Vsa.Sim.EnvDefSpec3	3.4
Vsa.Sim.EnvDefSpec10	3.4
Vsa.Sim.EnvDefineClose	3.4
Vsa.Sim.Code.ArmPins	3.4
Vsa.Elf	3.4
Vsa.Sim.TermEntry	3.3
Vsa.Sim.StepObs	3.3
Vsa.Sim.SnprintfSitesPrint2	3.3
Vsa.Sim.GeomFacts	3.3
Vsa.Sim.ExecIfSites	3.3
Vsa.Sim.ExecExprRet	3.3
Vsa.Sim.ErrorSiteApplied	3.3
Vsa.Sim.EnvGetSpec5	3.3
Vsa.Sim.EnvDefSpec6	3.3
Vsa.Sim.BlockTactics	3.3
Vsa.Sim.BinOpValueTails	3.3
Vsa.Sim.SnprintfSitesRet2	3.2
Vsa.Sim.OmegaHelpers	3.2
Vsa.Sim.LayoutInstance	3.2
Vsa.Sim.ExecWhileSites	3.2
Vsa.Sim.EnvDefSpec8	3.2
Vsa.Sim.EnvDefSpec7	3.2
Vsa.Sim.EnvDefSpec14	3.2
Vsa.Sim.EnvDefSpec11	3.2
Vsa.Sim.DivSpec2	3.2
Vsa.Sim.Code.__ssputs_r	3.2
Vsa.Sim.BlockDecode	3.2
Vsa.Sim.ReallocSpec	3.1
Vsa.Sim.FrameCalc	3.1
Vsa.Sim.EvalModArm	3.1
Vsa.Sim.SnprintfSpec48	3.0
Vsa.Sim.SnprintfSitesPro4	3.0
Vsa.Sim.ExecVarDecl	3.0
Vsa.Sim.DeriveCaseRow	3.0
Vsa.Sim.ValueEqualSites2	2.9
Vsa.Sim.TermSimClose	2.9
Vsa.Sim.KeepRegs	2.9
Vsa.Sim.ExecSimCommon	2.9
Vsa.Sim.ExecIf	2.9
Vsa.Sim.ErrorTail	2.9
Vsa.Sim.DeriveErrorSite	2.9
Vsa.Sim.Code.Strcmp	2.9
Vsa.Sim.Code.Memmove	2.9
Vsa.Sim.CmpBridges	2.9
Vsa.Sim.SegEvalSound	2.8
Vsa.Sim.EvalIntPilot	2.8
Vsa.Sim.EnvDefSpec2	2.8
Vsa.Sim.EnvDefSpec15	2.8
Vsa.Sim.EnvDefSpec13	2.8
Vsa.Sim.EnvDefMoveCommon	2.8
Vsa.Sim.EnvDefEntryCommon	2.8
Vsa.Sim.DeriveCase	2.8
Vsa.Sim.EnvDefSpec12	2.7
Vsa.Sim.rows.IntPostEpilogue	2.6
Vsa.Sim.Frame	2.6
Vsa.Sim.ExitPathSeg	2.6
Vsa.Sim.EvalFn	2.6
Vsa.Sim.EvalEqNeArm	2.6
Vsa.Sim.EvalCallPrint	2.6
Vsa.Sim.EvalArgs	2.6
Vsa.Sim.Code.Memset	2.6
Vsa.Sim.SnprintfSpec	2.5
Vsa.Sim.SlotFrame	2.5
Vsa.Sim.ErrorSimFull	2.5
Vsa.Sim.Code.Strlen	2.5
Vsa.Sim.Code.Snprintf	2.5
Vsa.Sim.Code.Memcpy	2.5
Vsa.Sim.BinopChainInstances	2.5
Vsa.Sim.EvalCallNative	2.4
Vsa.Sim.EnvDefSpec16	2.4
Vsa.Sim.Code.Native_assert	2.3
Vsa.Sim.SnprintfSpec39	2.2
Vsa.Sim.SegState	2.2
Vsa.Sim.ExecWhile2	2.2
Vsa.Sim.ExecSeqLoop	2.2
Vsa.Sim.EnvDefSpec17	2.2
Vsa.Sim.Code.Env_get	2.2
Vsa.Sim.Code.__ssprint_r	2.2
Vsa.Sim.SnprintfRecords	2.1
Vsa.Sim.EnvDefSpillCommon	2.1
Vsa.Sim.Code.Native_print	2.1
Vsa.Sim.InterpSimFinal	2.0
Vsa.Sim.ExecFor	2.0
Vsa.Sim.ExecBlock2	2.0
Vsa.Sim.EvalDivValueTail	2.0
Vsa.Sim.EnvDefSpec9	2.0
Vsa.Sim.CodeRangeInsert	2.0
Vsa.Sim.Code.Strcpy	2.0
Vsa.Sim.Code.Env_set	2.0
Vsa.Sim.StuckSimClose	1.9
Vsa.Sim.SnprintfSpec55	1.9
Vsa.Sim.Mfr	1.9
Vsa.Sim.ExecForStart	1.9
Vsa.Sim.EvalBinSim4	1.9
Vsa.Sim.CallEntry	1.9
Vsa.Sim.BvNorm	1.9
Vsa.Sim.InterpSimBundle	1.8
Vsa.Sim.EvalLeafD	1.8
Vsa.Sim.EvalCall	1.8
Vsa.Sim.EvalBinSim2	1.8
Vsa.Sim.Code.Value_equal	1.8
Vsa.Sim.ExitPath	1.7
Vsa.Sim.DivergeSim	1.7
Vsa.Sim.Code.Setjmp	1.7
Vsa.Sim.Code.Longjmp	1.7
Vsa.Sim.Code.Env_new	1.7
Vsa.Sim.SegEval	1.6
Vsa.Sim.EvalBinSim3	1.6
Vsa.Sim.Code.__ascii_mbtowc	1.6
Vsa.Sim.EvalIntSim3	1.5
Vsa.Sim.ErrorSim	1.5
Vsa.Sim.Code.Runtime_error	1.5
Vsa.Sim.Code.ImageStatics	1.5
Vsa.Sim.Code._exit	1.5
Vsa.Sim.Code.SvfprintfSlice2	1.4
Vsa.Sim.Code.Native_println	1.4
Vsa.Sim.Code.LldFmt	1.4
Vsa.Sim.Code.FnFmt	1.4
Vsa.Sim.Code.Value_truthy	1.3
Vsa.Sim.Code._localeconv_r	1.3
Vsa.Sim.Code.__moddi3	1.3
Vsa.Sim.Code.__hidden___udivdi3	1.3
Vsa	1.3
Vsa.Sim.Pmp	1.2
Vsa.Sim.Code.Value_int	1.2
Vsa.Sim.Code.Value_bool	1.2
Vsa.Sim.Code.__umoddi3	1.2
Vsa.Sim.Code.__muldi3	1.2
Vsa.Sim.Code.__locale_mb_cur_max	1.2
Vsa.Machine	1.2
Vsa.ElfMono	1.2
Vsa.Sim.WriteLogNF	1.0
Vsa.Sim.StateNF	1.0
Vsa.Sim.SnprintfPost	1.0
Vsa.Sim.InitValues	1.0
Vsa.Sim.ErrorSiteJal	1.0
Vsa.Sim.Code.Value_str	1.0
Vsa.Sim.Code.Value_null	1.0
Vsa.Sim.Code.__divdi3	1.0
