guard	width	addr
g0	8	(bvadd (select (rr i2) #x0000000000000002) #x0000000000000430)
g0	8	(bvadd (select (rr i3) #x0000000000000002) #x0000000000000420)
g0	8	(bvadd (select (rr i4) #x0000000000000002) #x0000000000000438)
g0	8	(bvadd (select (rr i5) #x0000000000000002) #x0000000000000428)
g0	0	(bvadd (select (rr m0) #x000000000000000c) #x0000000000000000)
g12	8	(bvadd (select (rr i18) #x0000000000000002) #x0000000000000418)
g12	8	(bvadd (select (rr i19) #x0000000000000002) #x0000000000000410)
g12	8	(bvadd (select (rr i20) #x0000000000000002) #x0000000000000408)
g12	8	(bvadd (select (rr i21) #x0000000000000002) #x0000000000000400)
g12	8	(bvadd (select (rr i22) #x0000000000000002) #x00000000000003f8)
g12	0	(bvadd (select (rr m12) #x000000000000000c) #x0000000000000004)
g26	0	(bvadd (select (rr m26) #x000000000000000c) #x0000000000000000)
g26	0	(bvadd (select (rr i32) #x000000000000000f) #x0000000000000000)
g46	0	(bvadd (select (rr m46) #x000000000000000c) #x0000000000000008)
g50	0	(bvadd (select (rr m50) #x000000000000000c) #x0000000000000008)
g54	0	(bvadd (select (rr m54) #x000000000000000c) #x0000000000000008)
g61	0	(bvadd (select (rr m61) #x000000000000000c) #x0000000000000008)
g67	8	(bvadd (select (rr i69) #x0000000000000002) #x0000000000000000)
g67	0	(bvadd (select (rr m67) #x000000000000000c) #x0000000000000010)
g73	8	(bvadd (select (rr i75) #x0000000000000002) #x0000000000000000)
g73	0	(bvadd (select (rr m73) #x000000000000000c) #x0000000000000010)
g79	0	(bvadd (select (rr m79) #x000000000000000c) #x0000000000000010)
g84	8	(bvadd (select (rr i86) #x0000000000000002) #x0000000000000000)
g84	0	(bvadd (select (rr m84) #x000000000000000c) #x0000000000000008)
g90	8	(bvadd (select (rr i91) #x0000000000000002) #x0000000000000000)
g106	8	(bvadd (select (rr i112) #x0000000000000002) #x0000000000000040)
g106	8	(bvadd (select (rr i113) #x0000000000000002) #x0000000000000048)
g106	8	(bvadd (select (rr i114) #x0000000000000002) #x0000000000000050)
g106	0	(bvadd (select (rr m106) #x0000000000000008) #x0000000000000008)
g106	0	(bvadd (select (rr i107) #x0000000000000002) #x00000000000000f0)
g106	0	(bvadd (select (rr i108) #x0000000000000002) #x00000000000000f8)
g106	0	(bvadd (select (rr i109) #x0000000000000002) #x0000000000000100)
g106	0	(bvadd (select (rr i110) #x0000000000000002) #x0000000000000000)
g118	0	(bvadd (select (rr m118) #x0000000000000008) #x0000000000000008)
g118	0	(bvadd (select (rr i120) #x0000000000000002) #x0000000000000078)
g124	0	(bvadd (select (rr m124) #x0000000000000008) #x0000000000000008)
g124	0	(bvadd (select (rr i126) #x0000000000000002) #x0000000000000090)
g130	0	(bvadd (select (rr m130) #x0000000000000008) #x0000000000000018)
g135	0	(bvadd (select (rr m135) #x0000000000000002) #x0000000000000000)
g139	8	(bvadd (select (rr i145) #x0000000000000002) #x0000000000000418)
g139	8	(bvadd (select (rr i146) #x0000000000000002) #x0000000000000410)
g139	8	(bvadd (select (rr i147) #x0000000000000002) #x0000000000000408)
g139	8	(bvadd (select (rr i148) #x0000000000000002) #x0000000000000400)
g139	8	(bvadd (select (rr i149) #x0000000000000002) #x00000000000003f8)
g139	0	(bvadd (select (rr m139) #x0000000000000008) #x0000000000000008)
g139	0	(bvadd (select (rr i140) #x0000000000000008) #x0000000000000004)
g156	8	(bvadd (select (rr i159) #x0000000000000002) #x0000000000000040)
g156	8	(bvadd (select (rr i160) #x0000000000000002) #x0000000000000048)
g156	8	(bvadd (select (rr i161) #x0000000000000002) #x0000000000000050)
g156	0	(bvadd (select (rr m156) #x0000000000000002) #x0000000000000080)
g156	0	(bvadd (select (rr i157) #x0000000000000002) #x0000000000000088)
g165	8	(bvadd (select (rr i168) #x0000000000000002) #x0000000000000040)
g165	8	(bvadd (select (rr i169) #x0000000000000002) #x0000000000000048)
g165	8	(bvadd (select (rr i170) #x0000000000000002) #x0000000000000050)
g165	0	(bvadd (select (rr m165) #x0000000000000002) #x0000000000000080)
g165	0	(bvadd (select (rr i166) #x0000000000000002) #x0000000000000088)
g174	8	(bvadd (select (rr i177) #x0000000000000002) #x00000000000000f0)
g174	8	(bvadd (select (rr i178) #x0000000000000002) #x00000000000000f8)
g174	8	(bvadd (select (rr i179) #x0000000000000002) #x0000000000000100)
g174	0	(bvadd (select (rr m174) #x0000000000000002) #x0000000000000098)
g174	0	(bvadd (select (rr i175) #x0000000000000002) #x00000000000000a0)
g174	0	(bvadd (select (rr i176) #x0000000000000002) #x0000000000000090)
g174	0	(bvadd (select (rr i181) #x0000000000000008) #x0000000000000004)
g185	8	(bvadd (select (rr i188) #x0000000000000002) #x0000000000000040)
g185	8	(bvadd (select (rr i189) #x0000000000000002) #x0000000000000048)
g185	8	(bvadd (select (rr i190) #x0000000000000002) #x0000000000000050)
g185	0	(bvadd (select (rr m185) #x0000000000000002) #x0000000000000098)
g185	0	(bvadd (select (rr i186) #x0000000000000002) #x00000000000000a0)
g194	8	(bvadd (select (rr m194) #x0000000000000002) #x00000000000003f8)
g194	0	(bvadd (select (rr i195) #x0000000000000002) #x0000000000000000)
g200	8	(bvadd (select (rr m200) #x0000000000000002) #x0000000000000418)
g200	8	(bvadd (select (rr i201) #x0000000000000002) #x0000000000000410)
g200	8	(bvadd (select (rr i202) #x0000000000000002) #x0000000000000408)
g200	8	(bvadd (select (rr i209) #x0000000000000002) #x0000000000000400)
g200	8	(bvadd (select (rr i210) #x0000000000000002) #x00000000000003f8)
g200	0	(bvadd (select (rr i203) #x0000000000000003) #x0000000000000460)
g200	0	(bvadd (select (rr i206) #x000000000000000f) #x0000000000000018)
g214	8	(bvadd (select (rr i215) #x000000000000000a) #x0000000000000000)
g214	8	(bvadd (select (rr i216) #x000000000000000a) #x0000000000000008)
g214	8	(bvadd (select (rr i217) #x0000000000000009) #x0000000000000008)
g214	4	(bvadd (select (rr i218) #x0000000000000009) #x0000000000000000)
g214	0	(bvadd (select (rr i219) #x0000000000000002) #x0000000000000438)
g214	0	(bvadd (select (rr i220) #x0000000000000002) #x0000000000000430)
g214	0	(bvadd (select (rr i221) #x0000000000000002) #x0000000000000420)
g214	0	(bvadd (select (rr i223) #x0000000000000002) #x0000000000000428)
g226	8	(bvadd (select (rr i232) #x0000000000000002) #x0000000000000418)
g226	8	(bvadd (select (rr i233) #x0000000000000002) #x0000000000000410)
g226	8	(bvadd (select (rr i234) #x0000000000000002) #x0000000000000408)
g226	8	(bvadd (select (rr i235) #x0000000000000002) #x0000000000000400)
g226	8	(bvadd (select (rr i236) #x0000000000000002) #x00000000000003f8)
g226	0	(bvadd (select (rr m226) #x0000000000000008) #x0000000000000004)
g240	8	(bvadd (select (rr i245) #x0000000000000009) #x0000000000000000)
g240	8	(bvadd (select (rr i246) #x0000000000000009) #x0000000000000008)
g240	8	(bvadd (select (rr i247) #x0000000000000009) #x0000000000000010)
g240	0	(bvadd (select (rr m240) #x0000000000000002) #x00000000000000f0)
g240	0	(bvadd (select (rr i241) #x0000000000000002) #x00000000000000f8)
g240	0	(bvadd (select (rr i242) #x0000000000000002) #x0000000000000100)
g240	0	(bvadd (select (rr i243) #x0000000000000002) #x0000000000000438)
g240	0	(bvadd (select (rr i244) #x0000000000000002) #x0000000000000430)
g240	0	(bvadd (select (rr i248) #x0000000000000002) #x0000000000000420)
g240	0	(bvadd (select (rr i250) #x0000000000000002) #x0000000000000428)
g253	8	(bvadd (select (rr i259) #x0000000000000002) #x0000000000000418)
g253	8	(bvadd (select (rr i260) #x0000000000000002) #x0000000000000410)
g253	8	(bvadd (select (rr i261) #x0000000000000002) #x0000000000000408)
g253	8	(bvadd (select (rr i262) #x0000000000000002) #x0000000000000400)
g253	8	(bvadd (select (rr i263) #x0000000000000002) #x00000000000003f8)
g253	0	(bvadd (select (rr m253) #x0000000000000008) #x0000000000000008)
g253	0	(bvadd (select (rr i254) #x0000000000000008) #x0000000000000004)
g267	0	(bvadd (select (rr m267) #x0000000000000002) #x0000000000000000)
g271	0	(bvadd (select (rr m271) #x0000000000000002) #x0000000000000000)
g275	8	(bvadd (select (rr m275) #x0000000000000002) #x0000000000000418)
g275	8	(bvadd (select (rr i276) #x0000000000000002) #x0000000000000410)
g275	8	(bvadd (select (rr i277) #x0000000000000002) #x0000000000000408)
g275	8	(bvadd (select (rr i278) #x0000000000000002) #x0000000000000400)
g275	8	(bvadd (select (rr i279) #x0000000000000002) #x00000000000003f8)
g275	8	(bvadd (select (rr i281) #x0000000000000002) #x0000000000000040)
g275	8	(bvadd (select (rr i282) #x0000000000000002) #x0000000000000048)
g275	8	(bvadd (select (rr i283) #x0000000000000002) #x0000000000000050)
g300	8	(bvadd (select (rr i302) #x0000000000000002) #x0000000000000418)
g300	8	(bvadd (select (rr i303) #x0000000000000002) #x0000000000000000)
g300	0	(bvadd (select (rr m300) #x000000000000000c) #x0000000000000010)
g307	0	(bvadd (select (rr m307) #x0000000000000008) #x0000000000000018)
g323	0	(bvadd (select (rr m323) #x0000000000000008) #x0000000000000018)
g333	8	(bvadd (select (rr i337) #x0000000000000002) #x0000000000000078)
g333	8	(bvadd (select (rr i339) #x0000000000000002) #x0000000000000080)
g333	8	(bvadd (select (rr i340) #x0000000000000002) #x0000000000000088)
g333	0	(bvadd (select (rr m333) #x0000000000000002) #x0000000000000060)
g333	0	(bvadd (select (rr i334) #x0000000000000002) #x0000000000000068)
g333	0	(bvadd (select (rr i335) #x0000000000000002) #x0000000000000070)
g333	0	(bvadd (select (rr i336) #x0000000000000008) #x0000000000000004)
g333	0	(bvadd (select (rr i338) #x0000000000000002) #x0000000000000060)
g346	8	(bvadd (select (rr i352) #x0000000000000002) #x0000000000000000)
g346	0	(bvadd (select (rr m346) #x0000000000000008) #x0000000000000018)
g346	0	(bvadd (select (rr i347) #x0000000000000002) #x0000000000000000)
g346	0	(bvadd (select (rr i348) #x0000000000000002) #x0000000000000078)
g346	0	(bvadd (select (rr i351) #x0000000000000002) #x0000000000000080)
g356	0	(bvadd (select (rr m356) #x0000000000000002) #x0000000000000090)
g356	0	(bvadd (select (rr i357) #x0000000000000002) #x0000000000000098)
g356	0	(bvadd (select (rr i358) #x0000000000000002) #x00000000000000a0)
g365	8	(bvadd (select (rr i369) #x0000000000000002) #x0000000000000040)
g365	8	(bvadd (select (rr i370) #x0000000000000002) #x0000000000000048)
g365	8	(bvadd (select (rr i371) #x0000000000000002) #x0000000000000050)
g365	0	(bvadd (select (rr m365) #x0000000000000002) #x00000000000000f0)
g365	0	(bvadd (select (rr i366) #x0000000000000002) #x00000000000000f8)
g365	0	(bvadd (select (rr i367) #x0000000000000002) #x0000000000000100)
g387	0	(bvadd (select (rr m387) #x0000000000000008) #x0000000000000008)
g387	0	(bvadd (select (rr i389) #x0000000000000008) #x0000000000000004)
g387	0	(bvadd (select (rr i391) #x0000000000000002) #x0000000000000090)
g387	0	(bvadd (select (rr i392) #x0000000000000002) #x0000000000000098)
g396	8	(bvadd (select (rr i397) #x0000000000000002) #x0000000000000040)
g396	8	(bvadd (select (rr i398) #x0000000000000002) #x0000000000000048)
g396	8	(bvadd (select (rr i399) #x0000000000000002) #x0000000000000050)
g403	0	(bvadd (select (rr m403) #x0000000000000002) #x00000000000003f8)
g408	8	(bvadd (select (rr i409) #x0000000000000002) #x0000000000000408)
g408	0	(bvadd (select (rr m408) #x000000000000000d) #x0000000000000000)
g408	0	(bvadd (select (rr i411) #x000000000000000e) #x0000000000000018)
g415	0	(bvadd (select (rr i420) #x000000000000000f) #x0000000000000000)
g415	0	(bvadd (select (rr i421) #x0000000000000002) #x0000000000000000)
g442	4	(bvadd (select (rr i445) #x0000000000000012) #x0000000000000008)
g442	8	(bvadd (select (rr i446) #x0000000000000002) #x0000000000000418)
g442	0	(bvadd (select (rr m442) #x0000000000000012) #x0000000000000008)
g454	8	(bvadd (select (rr i457) #x0000000000000002) #x00000000000000f0)
g454	8	(bvadd (select (rr i458) #x0000000000000002) #x0000000000000100)
g454	0	(bvadd (select (rr m454) #x0000000000000002) #x0000000000000078)
g454	0	(bvadd (select (rr i455) #x0000000000000002) #x0000000000000088)
g462	8	(bvadd (select (rr i465) #x0000000000000002) #x00000000000000f0)
g462	8	(bvadd (select (rr i466) #x0000000000000002) #x0000000000000100)
g462	0	(bvadd (select (rr m462) #x0000000000000002) #x0000000000000078)
g462	0	(bvadd (select (rr i463) #x0000000000000002) #x0000000000000088)
g470	8	(bvadd (select (rr i473) #x0000000000000002) #x00000000000000f0)
g470	8	(bvadd (select (rr i474) #x0000000000000002) #x0000000000000100)
g470	0	(bvadd (select (rr m470) #x0000000000000002) #x0000000000000078)
g470	0	(bvadd (select (rr i471) #x0000000000000002) #x0000000000000088)
g478	8	(bvadd (select (rr i481) #x0000000000000002) #x00000000000000f0)
g478	8	(bvadd (select (rr i482) #x0000000000000002) #x0000000000000100)
g478	0	(bvadd (select (rr m478) #x0000000000000002) #x0000000000000078)
g478	0	(bvadd (select (rr i479) #x0000000000000002) #x0000000000000088)
g486	8	(bvadd (select (rr i492) #x0000000000000002) #x0000000000000410)
g486	8	(bvadd (select (rr i493) #x0000000000000002) #x0000000000000408)
g486	8	(bvadd (select (rr i494) #x0000000000000002) #x0000000000000400)
g486	8	(bvadd (select (rr i495) #x0000000000000002) #x00000000000003f8)
g499	8	(bvadd (select (rr i507) #x0000000000000002) #x0000000000000040)
g499	8	(bvadd (select (rr i508) #x0000000000000002) #x0000000000000048)
g499	8	(bvadd (select (rr i509) #x0000000000000002) #x0000000000000050)
g499	8	(bvadd (select (rr i510) #x0000000000000002) #x0000000000000020)
g499	8	(bvadd (select (rr i511) #x0000000000000002) #x0000000000000028)
g499	8	(bvadd (select (rr i512) #x0000000000000002) #x0000000000000030)
g499	0	(bvadd (select (rr m499) #x0000000000000002) #x0000000000000078)
g499	0	(bvadd (select (rr i500) #x0000000000000002) #x0000000000000080)
g499	0	(bvadd (select (rr i501) #x0000000000000002) #x0000000000000088)
g499	0	(bvadd (select (rr i502) #x0000000000000002) #x0000000000000090)
g499	0	(bvadd (select (rr i503) #x0000000000000002) #x0000000000000098)
g499	0	(bvadd (select (rr i504) #x0000000000000002) #x00000000000000a0)
g516	8	(bvadd (select (rr i524) #x0000000000000002) #x0000000000000040)
g516	8	(bvadd (select (rr i525) #x0000000000000002) #x0000000000000048)
g516	8	(bvadd (select (rr i526) #x0000000000000002) #x0000000000000050)
g516	8	(bvadd (select (rr i527) #x0000000000000002) #x0000000000000020)
g516	8	(bvadd (select (rr i528) #x0000000000000002) #x0000000000000028)
g516	8	(bvadd (select (rr i529) #x0000000000000002) #x0000000000000030)
g516	0	(bvadd (select (rr m516) #x0000000000000002) #x0000000000000078)
g516	0	(bvadd (select (rr i517) #x0000000000000002) #x0000000000000080)
g516	0	(bvadd (select (rr i518) #x0000000000000002) #x0000000000000088)
g516	0	(bvadd (select (rr i519) #x0000000000000002) #x0000000000000090)
g516	0	(bvadd (select (rr i520) #x0000000000000002) #x0000000000000098)
g516	0	(bvadd (select (rr i521) #x0000000000000002) #x00000000000000a0)
g539	8	(bvadd (select (rr m539) #x0000000000000002) #x0000000000000410)
g539	8	(bvadd (select (rr i540) #x0000000000000002) #x0000000000000400)
g539	4	(bvadd (select (rr i541) #x0000000000000012) #x0000000000000008)
g550	8	(bvadd (select (rr i551) #x0000000000000002) #x0000000000000000)
g550	0	(bvadd (select (rr m550) #x000000000000000d) #x0000000000000008)
g559	8	(bvadd (select (rr m559) #x0000000000000002) #x0000000000000410)
g559	8	(bvadd (select (rr i560) #x0000000000000002) #x0000000000000408)
g559	8	(bvadd (select (rr i561) #x0000000000000002) #x0000000000000400)
g559	8	(bvadd (select (rr i562) #x0000000000000002) #x00000000000003f8)
g559	8	(bvadd (select (rr i564) #x0000000000000002) #x00000000000000f8)
g559	8	(bvadd (select (rr i565) #x0000000000000002) #x0000000000000040)
g559	8	(bvadd (select (rr i566) #x0000000000000002) #x0000000000000048)
g559	8	(bvadd (select (rr i567) #x0000000000000002) #x0000000000000050)
g570	8	(bvadd (select (rr i573) #x0000000000000002) #x00000000000000f0)
g570	8	(bvadd (select (rr i574) #x0000000000000002) #x00000000000000f8)
g570	8	(bvadd (select (rr i575) #x0000000000000002) #x0000000000000100)
g570	0	(bvadd (select (rr m570) #x0000000000000002) #x0000000000000090)
g570	0	(bvadd (select (rr i571) #x0000000000000002) #x0000000000000098)
g570	0	(bvadd (select (rr i572) #x0000000000000002) #x00000000000000a0)
g581	8	(bvadd (select (rr i584) #x0000000000000002) #x00000000000000f0)
g581	8	(bvadd (select (rr i585) #x0000000000000002) #x00000000000000f8)
g581	8	(bvadd (select (rr i586) #x0000000000000002) #x0000000000000100)
g581	0	(bvadd (select (rr m581) #x0000000000000002) #x0000000000000090)
g581	0	(bvadd (select (rr i582) #x0000000000000002) #x0000000000000098)
g581	0	(bvadd (select (rr i583) #x0000000000000002) #x00000000000000a0)
g592	8	(bvadd (select (rr i595) #x0000000000000002) #x00000000000000f0)
g592	8	(bvadd (select (rr i596) #x0000000000000002) #x00000000000000f8)
g592	8	(bvadd (select (rr i597) #x0000000000000002) #x0000000000000100)
g592	0	(bvadd (select (rr m592) #x0000000000000002) #x0000000000000090)
g592	0	(bvadd (select (rr i593) #x0000000000000002) #x0000000000000098)
g592	0	(bvadd (select (rr i594) #x0000000000000002) #x00000000000000a0)
g603	8	(bvadd (select (rr i606) #x0000000000000002) #x00000000000000f0)
g603	8	(bvadd (select (rr i607) #x0000000000000002) #x00000000000000f8)
g603	8	(bvadd (select (rr i608) #x0000000000000002) #x0000000000000100)
g603	0	(bvadd (select (rr m603) #x0000000000000002) #x0000000000000090)
g603	0	(bvadd (select (rr i604) #x0000000000000002) #x0000000000000098)
g603	0	(bvadd (select (rr i605) #x0000000000000002) #x00000000000000a0)
g626	0	(bvadd (select (rr m626) #x0000000000000002) #x0000000000000000)
g631	8	(bvadd (select (rr i635) #x0000000000000002) #x0000000000000408)
g631	8	(bvadd (select (rr i636) #x0000000000000002) #x0000000000000040)
g631	8	(bvadd (select (rr i637) #x0000000000000002) #x0000000000000048)
g631	8	(bvadd (select (rr i638) #x0000000000000002) #x0000000000000050)
g631	0	(bvadd (select (rr m631) #x0000000000000002) #x0000000000000078)
g631	0	(bvadd (select (rr i632) #x0000000000000002) #x0000000000000080)
g631	0	(bvadd (select (rr i633) #x0000000000000002) #x0000000000000088)
g642	8	(bvadd (select (rr i645) #x0000000000000002) #x00000000000000f0)
g642	8	(bvadd (select (rr i646) #x0000000000000002) #x0000000000000100)
g642	0	(bvadd (select (rr m642) #x0000000000000002) #x0000000000000078)
g642	0	(bvadd (select (rr i643) #x0000000000000002) #x0000000000000088)
g650	8	(bvadd (select (rr m650) #x0000000000000002) #x0000000000000410)
g650	8	(bvadd (select (rr i651) #x0000000000000002) #x0000000000000408)
g650	8	(bvadd (select (rr i652) #x0000000000000002) #x0000000000000400)
g650	8	(bvadd (select (rr i653) #x0000000000000002) #x00000000000003f8)
g650	8	(bvadd (select (rr i655) #x0000000000000002) #x00000000000000f8)
g650	8	(bvadd (select (rr i656) #x0000000000000002) #x0000000000000040)
g650	8	(bvadd (select (rr i657) #x0000000000000002) #x0000000000000048)
g650	8	(bvadd (select (rr i658) #x0000000000000002) #x0000000000000050)
g666	8	(bvadd (select (rr m666) #x0000000000000002) #x0000000000000410)
g666	8	(bvadd (select (rr i667) #x0000000000000002) #x0000000000000408)
g666	8	(bvadd (select (rr i668) #x0000000000000002) #x0000000000000400)
g666	8	(bvadd (select (rr i669) #x0000000000000002) #x00000000000003f8)
g666	8	(bvadd (select (rr i671) #x0000000000000002) #x00000000000000f8)
g666	8	(bvadd (select (rr i672) #x0000000000000002) #x0000000000000040)
g666	8	(bvadd (select (rr i673) #x0000000000000002) #x0000000000000048)
g666	8	(bvadd (select (rr i674) #x0000000000000002) #x0000000000000050)
g683	8	(bvadd (select (rr m683) #x0000000000000002) #x0000000000000410)
g683	8	(bvadd (select (rr i684) #x0000000000000002) #x0000000000000408)
g683	8	(bvadd (select (rr i685) #x0000000000000002) #x0000000000000400)
g683	8	(bvadd (select (rr i686) #x0000000000000002) #x00000000000003f8)
g683	8	(bvadd (select (rr i688) #x0000000000000002) #x00000000000000f8)
g683	8	(bvadd (select (rr i689) #x0000000000000002) #x0000000000000040)
g683	8	(bvadd (select (rr i690) #x0000000000000002) #x0000000000000048)
g683	8	(bvadd (select (rr i691) #x0000000000000002) #x0000000000000050)
g701	0	(bvadd (select (rr m701) #x0000000000000002) #x0000000000000418)
g704	0	(bvadd (select (rr m704) #x0000000000000002) #x0000000000000418)
g707	8	(bvadd (select (rr i709) #x0000000000000002) #x0000000000000000)
g724	8	(bvadd (select (rr m724) #x0000000000000002) #x0000000000000400)
g724	8	(bvadd (select (rr i731) #x0000000000000002) #x0000000000000040)
g724	8	(bvadd (select (rr i735) #x0000000000000002) #x0000000000000048)
g724	8	(bvadd (select (rr i737) #x0000000000000002) #x0000000000000000)
g724	8	(bvadd (select (rr i739) #x0000000000000002) #x0000000000000050)
g724	0	(bvadd (select (rr i728) #x0000000000000008) #x0000000000000000)
g724	0	(bvadd (select (rr i729) #x0000000000000015) #x0000000000000010)
g724	0	(bvadd (select (rr i732) #x0000000000000008) #x0000000000000008)
g724	0	(bvadd (select (rr i736) #x0000000000000008) #x0000000000000010)
g724	0	(bvadd (select (rr i740) #x000000000000000e) #x0000000000000000)
g744	8	(bvadd (select (rr i750) #x0000000000000002) #x0000000000000040)
g744	8	(bvadd (select (rr i751) #x0000000000000002) #x0000000000000048)
g744	8	(bvadd (select (rr i752) #x0000000000000002) #x0000000000000050)
g744	0	(bvadd (select (rr m744) #x0000000000000002) #x0000000000000090)
g744	0	(bvadd (select (rr i745) #x0000000000000002) #x0000000000000098)
g744	0	(bvadd (select (rr i746) #x0000000000000002) #x00000000000000a0)
g756	8	(bvadd (select (rr m756) #x0000000000000002) #x0000000000000410)
g756	8	(bvadd (select (rr i757) #x0000000000000002) #x0000000000000408)
g756	8	(bvadd (select (rr i758) #x0000000000000002) #x0000000000000400)
g756	8	(bvadd (select (rr i759) #x0000000000000002) #x00000000000003f8)
g756	8	(bvadd (select (rr i761) #x0000000000000002) #x00000000000000f8)
g756	8	(bvadd (select (rr i762) #x0000000000000002) #x0000000000000040)
g756	8	(bvadd (select (rr i763) #x0000000000000002) #x0000000000000048)
g766	8	(bvadd (select (rr i769) #x0000000000000002) #x00000000000000f0)
g766	8	(bvadd (select (rr i770) #x0000000000000002) #x00000000000000f8)
g766	8	(bvadd (select (rr i771) #x0000000000000002) #x0000000000000100)
g766	0	(bvadd (select (rr m766) #x0000000000000002) #x0000000000000090)
g766	0	(bvadd (select (rr i767) #x0000000000000002) #x0000000000000098)
g766	0	(bvadd (select (rr i768) #x0000000000000002) #x00000000000000a0)
g778	0	(bvadd (select (rr m778) #x0000000000000002) #x0000000000000418)
g798	0	(bvadd (select (rr m798) #x0000000000000002) #x0000000000000000)
g802	8	(bvadd (select (rr i805) #x0000000000000002) #x00000000000000f0)
g802	8	(bvadd (select (rr i806) #x0000000000000002) #x0000000000000100)
g802	0	(bvadd (select (rr m802) #x0000000000000002) #x0000000000000078)
g802	0	(bvadd (select (rr i803) #x0000000000000002) #x0000000000000088)
g810	8	(bvadd (select (rr i819) #x0000000000000002) #x00000000000000f0)
g810	8	(bvadd (select (rr i820) #x0000000000000002) #x0000000000000100)
g810	0	(bvadd (select (rr i815) #x000000000000000f) #x0000000000000000)
g810	0	(bvadd (select (rr i816) #x0000000000000002) #x0000000000000078)
g810	0	(bvadd (select (rr i817) #x0000000000000002) #x0000000000000088)
g833	8	(bvadd (select (rr m833) #x0000000000000002) #x0000000000000050)
g852	0	(bvadd (select (rr m852) #x0000000000000002) #x0000000000000418)
g866	8	(bvadd (select (rr i869) #x0000000000000002) #x00000000000000f0)
g866	8	(bvadd (select (rr i870) #x0000000000000002) #x00000000000000f8)
g866	8	(bvadd (select (rr i871) #x0000000000000002) #x0000000000000100)
g866	0	(bvadd (select (rr m866) #x0000000000000002) #x0000000000000090)
g866	0	(bvadd (select (rr i867) #x0000000000000002) #x0000000000000098)
g866	0	(bvadd (select (rr i868) #x0000000000000002) #x00000000000000a0)
g875	0	(bvadd (select (rr m875) #x0000000000000002) #x0000000000000400)
g885	0	(bvadd (select (rr m885) #x0000000000000002) #x0000000000000418)
g888	8	(bvadd (select (rr i894) #x0000000000000002) #x0000000000000410)
g888	8	(bvadd (select (rr i895) #x0000000000000002) #x0000000000000408)
g888	8	(bvadd (select (rr i896) #x0000000000000002) #x0000000000000400)
g888	8	(bvadd (select (rr i897) #x0000000000000002) #x00000000000003f8)
g901	0	(bvadd (select (rr m901) #x0000000000000002) #x0000000000000418)
g911	0	(bvadd (select (rr m911) #x0000000000000015) #x0000000000000020)
g911	0	(bvadd (select (rr i913) #x0000000000000010) #x0000000000000010)
g922	8	(bvadd (select (rr m922) #x0000000000000002) #x0000000000000410)
g922	8	(bvadd (select (rr i923) #x0000000000000002) #x0000000000000408)
g922	8	(bvadd (select (rr i924) #x0000000000000002) #x0000000000000400)
g922	8	(bvadd (select (rr i925) #x0000000000000002) #x00000000000003f8)
g922	8	(bvadd (select (rr i927) #x0000000000000002) #x00000000000000f8)
g922	8	(bvadd (select (rr i928) #x0000000000000002) #x0000000000000040)
g922	8	(bvadd (select (rr i929) #x0000000000000002) #x0000000000000048)
g922	8	(bvadd (select (rr i930) #x0000000000000002) #x0000000000000050)
g949	8	(bvadd (select (rr m949) #x0000000000000002) #x0000000000000410)
g956	0	(bvadd (select (rr m956) #x0000000000000002) #x0000000000000418)
g968	4	(bvadd (select (rr i972) #x0000000000000012) #x0000000000000008)
g968	0	(bvadd (select (rr m968) #x0000000000000012) #x0000000000000008)
g976	4	(bvadd (select (rr i978) #x0000000000000012) #x0000000000000008)
g976	0	(bvadd (select (rr m976) #x0000000000000012) #x0000000000000008)
g983	8	(bvadd (select (rr i989) #x0000000000000002) #x0000000000000400)
g983	8	(bvadd (select (rr i990) #x0000000000000002) #x00000000000003f8)
g983	0	(bvadd (select (rr m983) #x0000000000000003) #x0000000000000460)
g983	0	(bvadd (select (rr i986) #x000000000000000f) #x0000000000000018)
g999	0	(bvadd (select (rr m999) #x0000000000000002) #x0000000000000418)
g1013	8	(bvadd (select (rr i1019) #x0000000000000002) #x0000000000000410)
g1013	8	(bvadd (select (rr i1020) #x0000000000000002) #x0000000000000400)
g1035	0	(bvadd (select (rr m1035) #x0000000000000002) #x0000000000000418)
g1038	8	(bvadd (select (rr i1044) #x0000000000000002) #x0000000000000410)
g1038	8	(bvadd (select (rr i1045) #x0000000000000002) #x0000000000000408)
g1038	8	(bvadd (select (rr i1046) #x0000000000000002) #x0000000000000400)
g1038	8	(bvadd (select (rr i1047) #x0000000000000002) #x00000000000003f8)
g1055	8	(bvadd (select (rr i1061) #x0000000000000009) #x0000000000000000)
g1055	8	(bvadd (select (rr i1062) #x0000000000000009) #x0000000000000008)
g1055	8	(bvadd (select (rr i1063) #x0000000000000009) #x0000000000000010)
g1055	0	(bvadd (select (rr m1055) #x0000000000000002) #x0000000000000090)
g1055	0	(bvadd (select (rr i1056) #x0000000000000002) #x0000000000000098)
g1055	0	(bvadd (select (rr i1057) #x0000000000000002) #x00000000000000a0)
g1055	0	(bvadd (select (rr i1058) #x0000000000000002) #x0000000000000418)
g1055	0	(bvadd (select (rr i1059) #x0000000000000002) #x0000000000000408)
g1055	0	(bvadd (select (rr i1060) #x0000000000000002) #x00000000000003f8)
g1066	8	(bvadd (select (rr m1066) #x0000000000000002) #x0000000000000410)
g1066	8	(bvadd (select (rr i1067) #x0000000000000002) #x0000000000000408)
g1066	8	(bvadd (select (rr i1068) #x0000000000000002) #x0000000000000400)
g1066	8	(bvadd (select (rr i1069) #x0000000000000002) #x00000000000003f8)
g1066	8	(bvadd (select (rr i1070) #x0000000000000002) #x0000000000000000)
g1066	8	(bvadd (select (rr i1072) #x0000000000000002) #x00000000000000f8)
g1066	8	(bvadd (select (rr i1073) #x0000000000000002) #x0000000000000040)
g1066	8	(bvadd (select (rr i1074) #x0000000000000002) #x0000000000000048)
g1066	8	(bvadd (select (rr i1075) #x0000000000000002) #x0000000000000050)
g1083	8	(bvadd (select (rr m1083) #x0000000000000002) #x0000000000000410)
g1083	8	(bvadd (select (rr i1084) #x0000000000000002) #x0000000000000408)
g1083	8	(bvadd (select (rr i1085) #x0000000000000002) #x0000000000000400)
g1083	8	(bvadd (select (rr i1086) #x0000000000000002) #x00000000000003f8)
g1083	8	(bvadd (select (rr i1088) #x0000000000000002) #x00000000000000f8)
g1083	8	(bvadd (select (rr i1089) #x0000000000000002) #x0000000000000040)
g1083	8	(bvadd (select (rr i1090) #x0000000000000002) #x0000000000000048)
g1083	8	(bvadd (select (rr i1091) #x0000000000000002) #x0000000000000050)
g1095	0	(bvadd (select (rr m1095) #x0000000000000002) #x0000000000000418)
g1095	0	(bvadd (select (rr i1096) #x0000000000000002) #x0000000000000408)
g1095	0	(bvadd (select (rr i1097) #x0000000000000002) #x00000000000003f8)
g1121	8	(bvadd (select (rr i1122) #x0000000000000002) #x0000000000000418)
g1121	8	(bvadd (select (rr i1123) #x0000000000000002) #x0000000000000410)
g1121	8	(bvadd (select (rr i1124) #x0000000000000002) #x0000000000000400)
g1121	0	(bvadd (select (rr m1121) #x0000000000000015) #x0000000000000008)
g1128	0	(bvadd (select (rr m1128) #x0000000000000002) #x0000000000000418)
g1128	0	(bvadd (select (rr i1129) #x0000000000000002) #x0000000000000410)
g1128	0	(bvadd (select (rr i1130) #x0000000000000002) #x0000000000000408)
g1137	0	(bvadd (select (rr m1137) #x0000000000000002) #x0000000000000438)
g1137	0	(bvadd (select (rr i1138) #x0000000000000002) #x0000000000000430)
g1137	0	(bvadd (select (rr i1139) #x0000000000000002) #x0000000000000420)
g1137	0	(bvadd (select (rr i1141) #x0000000000000002) #x0000000000000428)
