field	summaries
hVar	loop_2147499380,loop_2147499500,loop_2147499360,loop_2147496940,loop_2147499328,loop_2147498344,loop_2147499288,loop_2147496860,loop_2147498336,loop_2147499244,loop_2147496852,loop_2147499208,loop_2147498324,loop_2147496828,loop_2147498708,loop_2147496764,loop_2147496788,loop_2147498696,loop_2147496748,loop_2147498688,loop_2147499648,loop_2147496736,loop_2147498680,loop_2147499604,loop_2147496724,loop_2147497676,loop_2147498668,loop_2147499596,loop_2147496652,loop_2147496740,loop_2147497660,loop_2147497664,loop_2147498736,loop_2147498656,loop_2147499560,loop_2147496640,loop_2147497652,loop_2147498724,loop_2147498756,loop_2147498996,loop_2147498644,loop_2147496628,loop_2147499172,loop_2147497644,loop_2147498744,loop_2147499676,loop_2147498956,loop_2147498632,loop_2147496604,loop_2147499428,loop_2147497624,loop_2147498912,loop_2147498620,loop_2147496584,loop_2147498488,loop_2147497436,loop_2147497596,loop_2147499868,loop_2147499136,loop_2147498880,loop_2147498604,loop_2147496576,loop_2147498464,loop_2147497424,loop_2147497548,loop_2147497572,loop_2147498876,loop_2147498564,loop_2147496532,loop_2147497528,loop_2147498528,loop_2147496412,loop_2147498280,loop_2147498840,loop_2147499952,callee_2147495336,callee_2147494344,callee_2147493900,callee_2147493916,callee_2147493880,callee_2147493868,callee_2147494928,callee_2147496292,callee_2147493932,callee_2147493980,icall_2147498484,callee_2147495872,callee_2147501632,callee_2147511968,callee_2147511536,callee_2147501732,callee_2147501864,callee_2147507268,callee_2147494396,callee_2147501968,callee_2147494492,callee_2147504736,callee_2147511240,callee_2147500000,callee_2147501924,callee_2147511748,callee_2147501980
hAssign	loop_2147499380,loop_2147499500,loop_2147499360,loop_2147496940,loop_2147499328,loop_2147498708,loop_2147498344,loop_2147499288,loop_2147498696,loop_2147496860,loop_2147498336,loop_2147499244,loop_2147498688,loop_2147499648,loop_2147496852,loop_2147499208,loop_2147498680,loop_2147499604,loop_2147498324,loop_2147496828,loop_2147497676,loop_2147498668,loop_2147499596,loop_2147496764,loop_2147496788,loop_2147497660,loop_2147497664,loop_2147498736,loop_2147498656,loop_2147499560,loop_2147496748,loop_2147497652,loop_2147498724,loop_2147498756,loop_2147498996,loop_2147498644,loop_2147496736,loop_2147497644,loop_2147498744,loop_2147498956,loop_2147498632,loop_2147496724,loop_2147497624,loop_2147497940,loop_2147498028,loop_2147498912,loop_2147498200,loop_2147498620,loop_2147496652,loop_2147496740,loop_2147497596,loop_2147499676,loop_2147497636,loop_2147497928,loop_2147498016,loop_2147498112,loop_2147498880,loop_2147498188,loop_2147499320,loop_2147498604,loop_2147496640,loop_2147497548,loop_2147497572,loop_2147498780,loop_2147497916,loop_2147498004,loop_2147499836,loop_2147498100,loop_2147499104,loop_2147498272,loop_2147498876,loop_2147498160,loop_2147499512,loop_2147498564,loop_2147496628,loop_2147499172,loop_2147497528,loop_2147498764,loop_2147497772,loop_2147497852,loop_2147497912,loop_2147498000,loop_2147499796,loop_2147498088,loop_2147499064,loop_2147498260,loop_2147499716,loop_2147498136,loop_2147498528,loop_2147496604,loop_2147499428,loop_2147497520,loop_2147497760,loop_2147497840,loop_2147497884,loop_2147499028,loop_2147497972,loop_2147499868,loop_2147498060,loop_2147499136,loop_2147498232,loop_2147499756,loop_2147498128,loop_2147496584,loop_2147498488,loop_2147497512,loop_2147497700,loop_2147497780,loop_2147498280,loop_2147497860,loop_2147497948,loop_2147498036,loop_2147498208,loop_2147498120,loop_2147496576,loop_2147498464,loop_2147497272,loop_2147496532,loop_2147497244,loop_2147496412,loop_2147497212,loop_2147497192,loop_2147498840,loop_2147497032,loop_2147499952,callee_2147495336,callee_2147494344,callee_2147493900,callee_2147493916,callee_2147493880,callee_2147493868,callee_2147494928,callee_2147496292,callee_2147495132,callee_2147493932,callee_2147493980,icall_2147498484,callee_2147495872,callee_2147501632,callee_2147511968,callee_2147511536,callee_2147501732,callee_2147501864,callee_2147507268,callee_2147494396,callee_2147501968,callee_2147494492,callee_2147504736,callee_2147511240,callee_2147500000,callee_2147501924,callee_2147511748,callee_2147501980
hIAdd	loop_2147499380,loop_2147499500,loop_2147499360,loop_2147496940,loop_2147499328,loop_2147498708,loop_2147498344,loop_2147499288,loop_2147498696,loop_2147496860,loop_2147498336,loop_2147499244,loop_2147498688,loop_2147499648,loop_2147496852,loop_2147499208,loop_2147498680,loop_2147499604,loop_2147498324,loop_2147496828,loop_2147497676,loop_2147498668,loop_2147499596,loop_2147496764,loop_2147496788,loop_2147497660,loop_2147497664,loop_2147498736,loop_2147498656,loop_2147499560,loop_2147496748,loop_2147497652,loop_2147498724,loop_2147498756,loop_2147498996,loop_2147498644,loop_2147496736,loop_2147497644,loop_2147498744,loop_2147498956,loop_2147498632,loop_2147496724,loop_2147497624,loop_2147498028,loop_2147498912,loop_2147498200,loop_2147498620,loop_2147496652,loop_2147496740,loop_2147497596,loop_2147499676,loop_2147497636,loop_2147498016,loop_2147498112,loop_2147498880,loop_2147498188,loop_2147499320,loop_2147498604,loop_2147496640,loop_2147497548,loop_2147497572,loop_2147498780,loop_2147497916,loop_2147498004,loop_2147499836,loop_2147498100,loop_2147499104,loop_2147498272,loop_2147498876,loop_2147498160,loop_2147499512,loop_2147498564,loop_2147496628,loop_2147499172,loop_2147497528,loop_2147498764,loop_2147497772,loop_2147497852,loop_2147497912,loop_2147498000,loop_2147499796,loop_2147498088,loop_2147499064,loop_2147498260,loop_2147499716,loop_2147498136,loop_2147498528,loop_2147496604,loop_2147499428,loop_2147497520,loop_2147497760,loop_2147497840,loop_2147497884,loop_2147499028,loop_2147497972,loop_2147499868,loop_2147498060,loop_2147499136,loop_2147498232,loop_2147499756,loop_2147498128,loop_2147496584,loop_2147498488,loop_2147497436,loop_2147497512,loop_2147497700,loop_2147497780,loop_2147498280,loop_2147497860,loop_2147497948,loop_2147498036,loop_2147498208,loop_2147498120,loop_2147496576,loop_2147498464,loop_2147497424,loop_2147497272,loop_2147496532,loop_2147497244,loop_2147496412,loop_2147497212,loop_2147497192,loop_2147498840,loop_2147497032,loop_2147499952,callee_2147495336,callee_2147494344,callee_2147493900,callee_2147493916,callee_2147493880,callee_2147493868,callee_2147494928,callee_2147496292,callee_2147495132,callee_2147493932,callee_2147493980,icall_2147498484,callee_2147495872,callee_2147501632,callee_2147511968,callee_2147511536,callee_2147501732,callee_2147507268,callee_2147494396,callee_2147501968,callee_2147494492,callee_2147504736,callee_2147511240,callee_2147500000,callee_2147501924,callee_2147511748,callee_2147501980
hISub	loop_2147499380,loop_2147499500,loop_2147499360,loop_2147496940,loop_2147499328,loop_2147498708,loop_2147498344,loop_2147499288,loop_2147498696,loop_2147496860,loop_2147498336,loop_2147499244,loop_2147498688,loop_2147499648,loop_2147496852,loop_2147499208,loop_2147498680,loop_2147499604,loop_2147498324,loop_2147496828,loop_2147497676,loop_2147498668,loop_2147499596,loop_2147496764,loop_2147496788,loop_2147497660,loop_2147497664,loop_2147498736,loop_2147498656,loop_2147499560,loop_2147496748,loop_2147497652,loop_2147498724,loop_2147498756,loop_2147498996,loop_2147498644,loop_2147496736,loop_2147497644,loop_2147498744,loop_2147498956,loop_2147498632,loop_2147496724,loop_2147497624,loop_2147498028,loop_2147498912,loop_2147498200,loop_2147498620,loop_2147496652,loop_2147496740,loop_2147497596,loop_2147499676,loop_2147497636,loop_2147498016,loop_2147498112,loop_2147498880,loop_2147498188,loop_2147499320,loop_2147498604,loop_2147496640,loop_2147497548,loop_2147497572,loop_2147498780,loop_2147497916,loop_2147498004,loop_2147499836,loop_2147498100,loop_2147499104,loop_2147498272,loop_2147498876,loop_2147498160,loop_2147499512,loop_2147498564,loop_2147496628,loop_2147499172,loop_2147497528,loop_2147498764,loop_2147497772,loop_2147497852,loop_2147497912,loop_2147498000,loop_2147499796,loop_2147498088,loop_2147499064,loop_2147498260,loop_2147499716,loop_2147498136,loop_2147498528,loop_2147496604,loop_2147499428,loop_2147497520,loop_2147497760,loop_2147497840,loop_2147497884,loop_2147499028,loop_2147497972,loop_2147499868,loop_2147498060,loop_2147499136,loop_2147498232,loop_2147499756,loop_2147498128,loop_2147496584,loop_2147498488,loop_2147497436,loop_2147497512,loop_2147497700,loop_2147497780,loop_2147498280,loop_2147497860,loop_2147497948,loop_2147498036,loop_2147498208,loop_2147498120,loop_2147496576,loop_2147498464,loop_2147497424,loop_2147497272,loop_2147496532,loop_2147497244,loop_2147496412,loop_2147497212,loop_2147497192,loop_2147498840,loop_2147497032,loop_2147499952,callee_2147495336,callee_2147494344,callee_2147493900,callee_2147493916,callee_2147493880,callee_2147493868,callee_2147494928,callee_2147496292,callee_2147495132,callee_2147493932,callee_2147493980,icall_2147498484,callee_2147495872,callee_2147501632,callee_2147511968,callee_2147511536,callee_2147501732,callee_2147507268,callee_2147494396,callee_2147501968,callee_2147494492,callee_2147504736,callee_2147511240,callee_2147500000,callee_2147501924,callee_2147511748,callee_2147501980
hIMul	loop_2147499380,loop_2147499500,loop_2147499360,loop_2147496940,loop_2147499328,loop_2147498708,loop_2147498344,loop_2147499288,loop_2147498696,loop_2147496860,loop_2147498336,loop_2147499244,loop_2147498688,loop_2147499648,loop_2147496852,loop_2147499208,loop_2147498680,loop_2147499604,loop_2147498324,loop_2147496828,loop_2147497676,loop_2147498668,loop_2147499596,loop_2147496764,loop_2147496788,loop_2147497660,loop_2147497664,loop_2147498736,loop_2147498656,loop_2147499560,loop_2147496748,loop_2147497652,loop_2147498724,loop_2147498756,loop_2147498996,loop_2147498644,loop_2147496736,loop_2147497644,loop_2147498744,loop_2147498956,loop_2147498632,loop_2147496724,loop_2147497624,loop_2147498028,loop_2147498912,loop_2147498200,loop_2147498620,loop_2147496652,loop_2147496740,loop_2147497596,loop_2147499676,loop_2147497636,loop_2147498016,loop_2147498112,loop_2147498880,loop_2147498188,loop_2147499320,loop_2147498604,loop_2147496640,loop_2147497548,loop_2147497572,loop_2147498780,loop_2147497916,loop_2147498004,loop_2147499836,loop_2147498100,loop_2147499104,loop_2147498272,loop_2147498876,loop_2147498160,loop_2147499512,loop_2147498564,loop_2147496628,loop_2147499172,loop_2147497528,loop_2147498764,loop_2147497772,loop_2147497852,loop_2147497912,loop_2147498000,loop_2147499796,loop_2147498088,loop_2147499064,loop_2147498260,loop_2147499716,loop_2147498136,loop_2147498528,loop_2147496604,loop_2147499428,loop_2147497520,loop_2147497760,loop_2147497840,loop_2147497884,loop_2147499028,loop_2147497972,loop_2147499868,loop_2147498060,loop_2147499136,loop_2147498232,loop_2147499756,loop_2147498128,loop_2147496584,loop_2147498488,loop_2147497436,loop_2147497512,loop_2147497700,loop_2147497780,loop_2147498280,loop_2147497860,loop_2147497948,loop_2147498036,loop_2147498208,loop_2147498120,loop_2147496576,loop_2147498464,loop_2147497424,loop_2147497272,loop_2147496532,loop_2147497244,loop_2147496412,loop_2147497212,loop_2147497192,loop_2147498840,loop_2147497032,loop_2147499952,callee_2147495336,callee_2147494344,callee_2147493900,callee_2147493916,callee_2147493880,callee_2147493868,callee_2147494928,callee_2147496292,callee_2147495132,callee_2147493932,callee_2147493980,icall_2147498484,callee_2147495872,callee_2147501632,callee_2147511968,callee_2147511536,callee_2147501732,callee_2147507268,callee_2147494396,callee_2147501968,callee_2147494492,callee_2147504736,callee_2147511240,callee_2147500000,callee_2147501924,callee_2147511748,callee_2147501980
hIDiv	loop_2147499380,loop_2147499500,loop_2147499360,loop_2147496940,loop_2147499328,loop_2147498708,loop_2147498344,loop_2147499288,loop_2147498696,loop_2147496860,loop_2147498336,loop_2147499244,loop_2147498688,loop_2147499648,loop_2147496852,loop_2147499208,loop_2147498680,loop_2147499604,loop_2147498324,loop_2147496828,loop_2147497676,loop_2147498668,loop_2147499596,loop_2147496764,loop_2147496788,loop_2147497660,loop_2147497664,loop_2147498736,loop_2147498656,loop_2147499560,loop_2147496748,loop_2147497652,loop_2147498724,loop_2147498756,loop_2147498996,loop_2147498644,loop_2147496736,loop_2147497644,loop_2147498744,loop_2147498956,loop_2147498632,loop_2147496724,loop_2147497624,loop_2147498028,loop_2147498912,loop_2147498200,loop_2147498620,loop_2147496652,loop_2147496740,loop_2147497596,loop_2147499676,loop_2147497636,loop_2147498016,loop_2147498112,loop_2147498880,loop_2147498188,loop_2147499320,loop_2147498604,loop_2147496640,loop_2147497548,loop_2147497572,loop_2147498780,loop_2147497916,loop_2147498004,loop_2147499836,loop_2147498100,loop_2147499104,loop_2147498272,loop_2147498876,loop_2147498160,loop_2147499512,loop_2147498564,loop_2147496628,loop_2147499172,loop_2147497528,loop_2147498764,loop_2147497772,loop_2147497852,loop_2147497912,loop_2147498000,loop_2147499796,loop_2147498088,loop_2147499064,loop_2147498260,loop_2147499716,loop_2147498136,loop_2147498528,loop_2147496604,loop_2147499428,loop_2147497520,loop_2147497760,loop_2147497840,loop_2147497884,loop_2147499028,loop_2147497972,loop_2147499868,loop_2147498060,loop_2147499136,loop_2147498232,loop_2147499756,loop_2147498128,loop_2147496584,loop_2147498488,loop_2147497436,loop_2147497512,loop_2147497700,loop_2147497780,loop_2147498280,loop_2147497860,loop_2147497948,loop_2147498036,loop_2147498208,loop_2147498120,loop_2147496576,loop_2147498464,loop_2147497424,loop_2147497272,loop_2147496532,loop_2147497244,loop_2147496412,loop_2147497212,loop_2147497192,loop_2147498840,loop_2147497032,loop_2147499952,callee_2147495336,callee_2147494344,callee_2147493900,callee_2147493916,callee_2147493880,callee_2147493868,callee_2147494928,callee_2147496292,callee_2147495132,callee_2147493932,callee_2147493980,icall_2147498484,callee_2147495872,callee_2147501632,callee_2147511968,callee_2147511536,callee_2147501732,callee_2147507268,callee_2147494396,callee_2147501968,callee_2147494492,callee_2147504736,callee_2147511240,callee_2147500000,callee_2147501924,callee_2147511748,callee_2147501980
hIMod	loop_2147499380,loop_2147499500,loop_2147499360,loop_2147496940,loop_2147499328,loop_2147498708,loop_2147498344,loop_2147499288,loop_2147498696,loop_2147496860,loop_2147498336,loop_2147499244,loop_2147498688,loop_2147499648,loop_2147496852,loop_2147499208,loop_2147498680,loop_2147499604,loop_2147498324,loop_2147496828,loop_2147497676,loop_2147498668,loop_2147499596,loop_2147496764,loop_2147496788,loop_2147497660,loop_2147497664,loop_2147498736,loop_2147498656,loop_2147499560,loop_2147496748,loop_2147497652,loop_2147498724,loop_2147498756,loop_2147498996,loop_2147498644,loop_2147496736,loop_2147497644,loop_2147498744,loop_2147498956,loop_2147498632,loop_2147496724,loop_2147497624,loop_2147498028,loop_2147498912,loop_2147498200,loop_2147498620,loop_2147496652,loop_2147496740,loop_2147497596,loop_2147499676,loop_2147497636,loop_2147498016,loop_2147498112,loop_2147498880,loop_2147498188,loop_2147499320,loop_2147498604,loop_2147496640,loop_2147497548,loop_2147497572,loop_2147498780,loop_2147497916,loop_2147498004,loop_2147499836,loop_2147498100,loop_2147499104,loop_2147498272,loop_2147498876,loop_2147498160,loop_2147499512,loop_2147498564,loop_2147496628,loop_2147499172,loop_2147497528,loop_2147498764,loop_2147497772,loop_2147497852,loop_2147497912,loop_2147498000,loop_2147499796,loop_2147498088,loop_2147499064,loop_2147498260,loop_2147499716,loop_2147498136,loop_2147498528,loop_2147496604,loop_2147499428,loop_2147497520,loop_2147497760,loop_2147497840,loop_2147497884,loop_2147499028,loop_2147497972,loop_2147499868,loop_2147498060,loop_2147499136,loop_2147498232,loop_2147499756,loop_2147498128,loop_2147496584,loop_2147498488,loop_2147497436,loop_2147497512,loop_2147497700,loop_2147497780,loop_2147498280,loop_2147497860,loop_2147497948,loop_2147498036,loop_2147498208,loop_2147498120,loop_2147496576,loop_2147498464,loop_2147497424,loop_2147497272,loop_2147496532,loop_2147497244,loop_2147496412,loop_2147497212,loop_2147497192,loop_2147498840,loop_2147497032,loop_2147499952,callee_2147495336,callee_2147494344,callee_2147493900,callee_2147493916,callee_2147493880,callee_2147493868,callee_2147494928,callee_2147496292,callee_2147495132,callee_2147493932,callee_2147493980,icall_2147498484,callee_2147495872,callee_2147501632,callee_2147511968,callee_2147511536,callee_2147501732,callee_2147507268,callee_2147494396,callee_2147501968,callee_2147494492,callee_2147504736,callee_2147511240,callee_2147500000,callee_2147501924,callee_2147511748,callee_2147501980
hILt	loop_2147499380,loop_2147499500,loop_2147499360,loop_2147496940,loop_2147499328,loop_2147498708,loop_2147498344,loop_2147499288,loop_2147498696,loop_2147496860,loop_2147498336,loop_2147499244,loop_2147498688,loop_2147499648,loop_2147496852,loop_2147499208,loop_2147498680,loop_2147499604,loop_2147498324,loop_2147496828,loop_2147497676,loop_2147498668,loop_2147499596,loop_2147496764,loop_2147496788,loop_2147497660,loop_2147497664,loop_2147498736,loop_2147498656,loop_2147499560,loop_2147496748,loop_2147497652,loop_2147498724,loop_2147498756,loop_2147498996,loop_2147498644,loop_2147496736,loop_2147497644,loop_2147498744,loop_2147498956,loop_2147498632,loop_2147496724,loop_2147497624,loop_2147498028,loop_2147498912,loop_2147498200,loop_2147498620,loop_2147496652,loop_2147496740,loop_2147497596,loop_2147499676,loop_2147497636,loop_2147498016,loop_2147498112,loop_2147498880,loop_2147498188,loop_2147499320,loop_2147498604,loop_2147496640,loop_2147497548,loop_2147497572,loop_2147498780,loop_2147497916,loop_2147498004,loop_2147499836,loop_2147498100,loop_2147499104,loop_2147498272,loop_2147498876,loop_2147498160,loop_2147499512,loop_2147498564,loop_2147496628,loop_2147499172,loop_2147497528,loop_2147498764,loop_2147497772,loop_2147497852,loop_2147497912,loop_2147498000,loop_2147499796,loop_2147498088,loop_2147499064,loop_2147498260,loop_2147499716,loop_2147498136,loop_2147498528,loop_2147496604,loop_2147499428,loop_2147497520,loop_2147497760,loop_2147497840,loop_2147497884,loop_2147499028,loop_2147497972,loop_2147499868,loop_2147498060,loop_2147499136,loop_2147498232,loop_2147499756,loop_2147498128,loop_2147496584,loop_2147498488,loop_2147497436,loop_2147497512,loop_2147497700,loop_2147497780,loop_2147498280,loop_2147497860,loop_2147497948,loop_2147498036,loop_2147498208,loop_2147498120,loop_2147496576,loop_2147498464,loop_2147497424,loop_2147497272,loop_2147496532,loop_2147497244,loop_2147496412,loop_2147497212,loop_2147497192,loop_2147498840,loop_2147497032,loop_2147499952,callee_2147495336,callee_2147494344,callee_2147493900,callee_2147493916,callee_2147493880,callee_2147493868,callee_2147494928,callee_2147496292,callee_2147495132,callee_2147493932,callee_2147493980,icall_2147498484,callee_2147495872,callee_2147501632,callee_2147511968,callee_2147511536,callee_2147501732,callee_2147507268,callee_2147494396,callee_2147501968,callee_2147494492,callee_2147504736,callee_2147511240,callee_2147500000,callee_2147501924,callee_2147511748,callee_2147501980
hILe	loop_2147499380,loop_2147499500,loop_2147499360,loop_2147496940,loop_2147499328,loop_2147498708,loop_2147498344,loop_2147499288,loop_2147498696,loop_2147496860,loop_2147498336,loop_2147499244,loop_2147498688,loop_2147499648,loop_2147496852,loop_2147499208,loop_2147498680,loop_2147499604,loop_2147498324,loop_2147496828,loop_2147497676,loop_2147498668,loop_2147499596,loop_2147496764,loop_2147496788,loop_2147497660,loop_2147497664,loop_2147498736,loop_2147498656,loop_2147499560,loop_2147496748,loop_2147497652,loop_2147498724,loop_2147498756,loop_2147498996,loop_2147498644,loop_2147496736,loop_2147497644,loop_2147498744,loop_2147498956,loop_2147498632,loop_2147496724,loop_2147497624,loop_2147498028,loop_2147498912,loop_2147498200,loop_2147498620,loop_2147496652,loop_2147496740,loop_2147497596,loop_2147499676,loop_2147497636,loop_2147498016,loop_2147498112,loop_2147498880,loop_2147498188,loop_2147499320,loop_2147498604,loop_2147496640,loop_2147497548,loop_2147497572,loop_2147498780,loop_2147497916,loop_2147498004,loop_2147499836,loop_2147498100,loop_2147499104,loop_2147498272,loop_2147498876,loop_2147498160,loop_2147499512,loop_2147498564,loop_2147496628,loop_2147499172,loop_2147497528,loop_2147498764,loop_2147497772,loop_2147497852,loop_2147497912,loop_2147498000,loop_2147499796,loop_2147498088,loop_2147499064,loop_2147498260,loop_2147499716,loop_2147498136,loop_2147498528,loop_2147496604,loop_2147499428,loop_2147497520,loop_2147497760,loop_2147497840,loop_2147497884,loop_2147499028,loop_2147497972,loop_2147499868,loop_2147498060,loop_2147499136,loop_2147498232,loop_2147499756,loop_2147498128,loop_2147496584,loop_2147498488,loop_2147497436,loop_2147497512,loop_2147497700,loop_2147497780,loop_2147498280,loop_2147497860,loop_2147497948,loop_2147498036,loop_2147498208,loop_2147498120,loop_2147496576,loop_2147498464,loop_2147497424,loop_2147497272,loop_2147496532,loop_2147497244,loop_2147496412,loop_2147497212,loop_2147497192,loop_2147498840,loop_2147497032,loop_2147499952,callee_2147495336,callee_2147494344,callee_2147493900,callee_2147493916,callee_2147493880,callee_2147493868,callee_2147494928,callee_2147496292,callee_2147495132,callee_2147493932,callee_2147493980,icall_2147498484,callee_2147495872,callee_2147501632,callee_2147511968,callee_2147511536,callee_2147501732,callee_2147507268,callee_2147494396,callee_2147501968,callee_2147494492,callee_2147504736,callee_2147511240,callee_2147500000,callee_2147501924,callee_2147511748,callee_2147501980
hIGt	loop_2147499380,loop_2147499500,loop_2147499360,loop_2147496940,loop_2147499328,loop_2147498708,loop_2147498344,loop_2147499288,loop_2147498696,loop_2147496860,loop_2147498336,loop_2147499244,loop_2147498688,loop_2147499648,loop_2147496852,loop_2147499208,loop_2147498680,loop_2147499604,loop_2147498324,loop_2147496828,loop_2147497676,loop_2147498668,loop_2147499596,loop_2147496764,loop_2147496788,loop_2147497660,loop_2147497664,loop_2147498736,loop_2147498656,loop_2147499560,loop_2147496748,loop_2147497652,loop_2147498724,loop_2147498756,loop_2147498996,loop_2147498644,loop_2147496736,loop_2147497644,loop_2147498744,loop_2147498956,loop_2147498632,loop_2147496724,loop_2147497624,loop_2147498028,loop_2147498912,loop_2147498200,loop_2147498620,loop_2147496652,loop_2147496740,loop_2147497596,loop_2147499676,loop_2147497636,loop_2147498016,loop_2147498112,loop_2147498880,loop_2147498188,loop_2147499320,loop_2147498604,loop_2147496640,loop_2147497548,loop_2147497572,loop_2147498780,loop_2147497916,loop_2147498004,loop_2147499836,loop_2147498100,loop_2147499104,loop_2147498272,loop_2147498876,loop_2147498160,loop_2147499512,loop_2147498564,loop_2147496628,loop_2147499172,loop_2147497528,loop_2147498764,loop_2147497772,loop_2147497852,loop_2147497912,loop_2147498000,loop_2147499796,loop_2147498088,loop_2147499064,loop_2147498260,loop_2147499716,loop_2147498136,loop_2147498528,loop_2147496604,loop_2147499428,loop_2147497520,loop_2147497760,loop_2147497840,loop_2147497884,loop_2147499028,loop_2147497972,loop_2147499868,loop_2147498060,loop_2147499136,loop_2147498232,loop_2147499756,loop_2147498128,loop_2147496584,loop_2147498488,loop_2147497436,loop_2147497512,loop_2147497700,loop_2147497780,loop_2147498280,loop_2147497860,loop_2147497948,loop_2147498036,loop_2147498208,loop_2147498120,loop_2147496576,loop_2147498464,loop_2147497424,loop_2147497272,loop_2147496532,loop_2147497244,loop_2147496412,loop_2147497212,loop_2147497192,loop_2147498840,loop_2147497032,loop_2147499952,callee_2147495336,callee_2147494344,callee_2147493900,callee_2147493916,callee_2147493880,callee_2147493868,callee_2147494928,callee_2147496292,callee_2147495132,callee_2147493932,callee_2147493980,icall_2147498484,callee_2147495872,callee_2147501632,callee_2147511968,callee_2147511536,callee_2147501732,callee_2147507268,callee_2147494396,callee_2147501968,callee_2147494492,callee_2147504736,callee_2147511240,callee_2147500000,callee_2147501924,callee_2147511748,callee_2147501980
hIGe	loop_2147499380,loop_2147499500,loop_2147499360,loop_2147496940,loop_2147499328,loop_2147498708,loop_2147498344,loop_2147499288,loop_2147498696,loop_2147496860,loop_2147498336,loop_2147499244,loop_2147498688,loop_2147499648,loop_2147496852,loop_2147499208,loop_2147498680,loop_2147499604,loop_2147498324,loop_2147496828,loop_2147497676,loop_2147498668,loop_2147499596,loop_2147496764,loop_2147496788,loop_2147497660,loop_2147497664,loop_2147498736,loop_2147498656,loop_2147499560,loop_2147496748,loop_2147497652,loop_2147498724,loop_2147498756,loop_2147498996,loop_2147498644,loop_2147496736,loop_2147497644,loop_2147498744,loop_2147498956,loop_2147498632,loop_2147496724,loop_2147497624,loop_2147498028,loop_2147498912,loop_2147498200,loop_2147498620,loop_2147496652,loop_2147496740,loop_2147497596,loop_2147499676,loop_2147497636,loop_2147498016,loop_2147498112,loop_2147498880,loop_2147498188,loop_2147499320,loop_2147498604,loop_2147496640,loop_2147497548,loop_2147497572,loop_2147498780,loop_2147497916,loop_2147498004,loop_2147499836,loop_2147498100,loop_2147499104,loop_2147498272,loop_2147498876,loop_2147498160,loop_2147499512,loop_2147498564,loop_2147496628,loop_2147499172,loop_2147497528,loop_2147498764,loop_2147497772,loop_2147497852,loop_2147497912,loop_2147498000,loop_2147499796,loop_2147498088,loop_2147499064,loop_2147498260,loop_2147499716,loop_2147498136,loop_2147498528,loop_2147496604,loop_2147499428,loop_2147497520,loop_2147497760,loop_2147497840,loop_2147497884,loop_2147499028,loop_2147497972,loop_2147499868,loop_2147498060,loop_2147499136,loop_2147498232,loop_2147499756,loop_2147498128,loop_2147496584,loop_2147498488,loop_2147497436,loop_2147497512,loop_2147497700,loop_2147497780,loop_2147498280,loop_2147497860,loop_2147497948,loop_2147498036,loop_2147498208,loop_2147498120,loop_2147496576,loop_2147498464,loop_2147497424,loop_2147497272,loop_2147496532,loop_2147497244,loop_2147496412,loop_2147497212,loop_2147497192,loop_2147498840,loop_2147497032,loop_2147499952,callee_2147495336,callee_2147494344,callee_2147493900,callee_2147493916,callee_2147493880,callee_2147493868,callee_2147494928,callee_2147496292,callee_2147495132,callee_2147493932,callee_2147493980,icall_2147498484,callee_2147495872,callee_2147501632,callee_2147511968,callee_2147511536,callee_2147501732,callee_2147507268,callee_2147494396,callee_2147501968,callee_2147494492,callee_2147504736,callee_2147511240,callee_2147500000,callee_2147501924,callee_2147511748,callee_2147501980
hEq	loop_2147499380,loop_2147499500,loop_2147499360,loop_2147496940,loop_2147499328,loop_2147498708,loop_2147498344,loop_2147499288,loop_2147498696,loop_2147496860,loop_2147498336,loop_2147499244,loop_2147498688,loop_2147499648,loop_2147496852,loop_2147499208,loop_2147498680,loop_2147499604,loop_2147498324,loop_2147496828,loop_2147497676,loop_2147498668,loop_2147499596,loop_2147496764,loop_2147496788,loop_2147497660,loop_2147497664,loop_2147498736,loop_2147498656,loop_2147499560,loop_2147496748,loop_2147497652,loop_2147498724,loop_2147498756,loop_2147498996,loop_2147498644,loop_2147496736,loop_2147497644,loop_2147498744,loop_2147498956,loop_2147498632,loop_2147496724,loop_2147497624,loop_2147498028,loop_2147498912,loop_2147498200,loop_2147498620,loop_2147496652,loop_2147496740,loop_2147497596,loop_2147499676,loop_2147497636,loop_2147498016,loop_2147498112,loop_2147498880,loop_2147498188,loop_2147499320,loop_2147498604,loop_2147496640,loop_2147497548,loop_2147497572,loop_2147498780,loop_2147497916,loop_2147498004,loop_2147499836,loop_2147498100,loop_2147499104,loop_2147498272,loop_2147498876,loop_2147498160,loop_2147499512,loop_2147498564,loop_2147496628,loop_2147499172,loop_2147497528,loop_2147498764,loop_2147497772,loop_2147497852,loop_2147497912,loop_2147498000,loop_2147499796,loop_2147498088,loop_2147499064,loop_2147498260,loop_2147499716,loop_2147498136,loop_2147498528,loop_2147496604,loop_2147499428,loop_2147497520,loop_2147497760,loop_2147497840,loop_2147497884,loop_2147499028,loop_2147497972,loop_2147499868,loop_2147498060,loop_2147499136,loop_2147498232,loop_2147499756,loop_2147498128,loop_2147496584,loop_2147498488,loop_2147497436,loop_2147497512,loop_2147497700,loop_2147497780,loop_2147498280,loop_2147497860,loop_2147497948,loop_2147498036,loop_2147498208,loop_2147498120,loop_2147496576,loop_2147498464,loop_2147497424,loop_2147497272,loop_2147496532,loop_2147497244,loop_2147496412,loop_2147497212,loop_2147497192,loop_2147498840,loop_2147497032,loop_2147499952,callee_2147495336,callee_2147494344,callee_2147493900,callee_2147493916,callee_2147493880,callee_2147493868,callee_2147494928,callee_2147496292,callee_2147495132,callee_2147493932,callee_2147493980,icall_2147498484,callee_2147495872,callee_2147501632,callee_2147511968,callee_2147511536,callee_2147501732,callee_2147507268,callee_2147494396,callee_2147501968,callee_2147494492,callee_2147504736,callee_2147511240,callee_2147500000,callee_2147501924,callee_2147511748,callee_2147501980
hNe	loop_2147499380,loop_2147499500,loop_2147499360,loop_2147496940,loop_2147499328,loop_2147498708,loop_2147498344,loop_2147499288,loop_2147498696,loop_2147496860,loop_2147498336,loop_2147499244,loop_2147498688,loop_2147499648,loop_2147496852,loop_2147499208,loop_2147498680,loop_2147499604,loop_2147498324,loop_2147496828,loop_2147497676,loop_2147498668,loop_2147499596,loop_2147496764,loop_2147496788,loop_2147497660,loop_2147497664,loop_2147498736,loop_2147498656,loop_2147499560,loop_2147496748,loop_2147497652,loop_2147498724,loop_2147498756,loop_2147498996,loop_2147498644,loop_2147496736,loop_2147497644,loop_2147498744,loop_2147498956,loop_2147498632,loop_2147496724,loop_2147497624,loop_2147498028,loop_2147498912,loop_2147498200,loop_2147498620,loop_2147496652,loop_2147496740,loop_2147497596,loop_2147499676,loop_2147497636,loop_2147498016,loop_2147498112,loop_2147498880,loop_2147498188,loop_2147499320,loop_2147498604,loop_2147496640,loop_2147497548,loop_2147497572,loop_2147498780,loop_2147497916,loop_2147498004,loop_2147499836,loop_2147498100,loop_2147499104,loop_2147498272,loop_2147498876,loop_2147498160,loop_2147499512,loop_2147498564,loop_2147496628,loop_2147499172,loop_2147497528,loop_2147498764,loop_2147497772,loop_2147497852,loop_2147497912,loop_2147498000,loop_2147499796,loop_2147498088,loop_2147499064,loop_2147498260,loop_2147499716,loop_2147498136,loop_2147498528,loop_2147496604,loop_2147499428,loop_2147497520,loop_2147497760,loop_2147497840,loop_2147497884,loop_2147499028,loop_2147497972,loop_2147499868,loop_2147498060,loop_2147499136,loop_2147498232,loop_2147499756,loop_2147498128,loop_2147496584,loop_2147498488,loop_2147497436,loop_2147497512,loop_2147497700,loop_2147497780,loop_2147498280,loop_2147497860,loop_2147497948,loop_2147498036,loop_2147498208,loop_2147498120,loop_2147496576,loop_2147498464,loop_2147497424,loop_2147497272,loop_2147496532,loop_2147497244,loop_2147496412,loop_2147497212,loop_2147497192,loop_2147498840,loop_2147497032,loop_2147499952,callee_2147495336,callee_2147494344,callee_2147493900,callee_2147493916,callee_2147493880,callee_2147493868,callee_2147494928,callee_2147496292,callee_2147495132,callee_2147493932,callee_2147493980,icall_2147498484,callee_2147495872,callee_2147501632,callee_2147511968,callee_2147511536,callee_2147501732,callee_2147507268,callee_2147494396,callee_2147501968,callee_2147494492,callee_2147504736,callee_2147511240,callee_2147500000,callee_2147501924,callee_2147511748,callee_2147501980
hStrAddL	loop_2147499380,loop_2147499500,loop_2147499360,loop_2147496940,loop_2147499328,loop_2147498708,loop_2147498344,loop_2147499288,loop_2147498696,loop_2147496860,loop_2147498336,loop_2147499244,loop_2147498688,loop_2147499648,loop_2147496852,loop_2147499208,loop_2147498680,loop_2147499604,loop_2147498324,loop_2147496828,loop_2147497676,loop_2147498668,loop_2147499596,loop_2147496764,loop_2147496788,loop_2147497660,loop_2147497664,loop_2147498736,loop_2147498656,loop_2147499560,loop_2147496748,loop_2147497652,loop_2147498724,loop_2147498756,loop_2147498996,loop_2147498644,loop_2147496736,loop_2147497644,loop_2147498744,loop_2147498956,loop_2147498632,loop_2147496724,loop_2147497624,loop_2147498028,loop_2147498912,loop_2147498200,loop_2147498620,loop_2147496652,loop_2147496740,loop_2147497596,loop_2147499676,loop_2147497636,loop_2147498016,loop_2147498112,loop_2147498880,loop_2147498188,loop_2147499320,loop_2147498604,loop_2147496640,loop_2147497548,loop_2147497572,loop_2147498780,loop_2147497916,loop_2147498004,loop_2147499836,loop_2147498100,loop_2147499104,loop_2147498272,loop_2147498876,loop_2147498160,loop_2147499512,loop_2147498564,loop_2147496628,loop_2147499172,loop_2147497528,loop_2147498764,loop_2147497772,loop_2147497852,loop_2147497912,loop_2147498000,loop_2147499796,loop_2147498088,loop_2147499064,loop_2147498260,loop_2147499716,loop_2147498136,loop_2147498528,loop_2147496604,loop_2147499428,loop_2147497520,loop_2147497760,loop_2147497840,loop_2147497884,loop_2147499028,loop_2147497972,loop_2147499868,loop_2147498060,loop_2147499136,loop_2147498232,loop_2147499756,loop_2147498128,loop_2147496584,loop_2147498488,loop_2147497436,loop_2147497512,loop_2147497700,loop_2147497780,loop_2147498280,loop_2147497860,loop_2147497948,loop_2147498036,loop_2147498208,loop_2147498120,loop_2147496576,loop_2147498464,loop_2147497424,loop_2147497272,loop_2147496532,loop_2147497244,loop_2147496412,loop_2147497212,loop_2147497192,loop_2147498840,loop_2147497032,loop_2147499952,callee_2147495336,callee_2147494344,callee_2147493900,callee_2147493916,callee_2147493880,callee_2147493868,callee_2147494928,callee_2147496292,callee_2147495132,callee_2147493932,callee_2147493980,icall_2147498484,callee_2147495872,callee_2147501632,callee_2147511968,callee_2147511536,callee_2147501732,callee_2147507268,callee_2147494396,callee_2147501968,callee_2147494492,callee_2147504736,callee_2147511240,callee_2147500000,callee_2147501924,callee_2147511748,callee_2147501980
hStrAddR	loop_2147499380,loop_2147499500,loop_2147499360,loop_2147496940,loop_2147499328,loop_2147498708,loop_2147498344,loop_2147499288,loop_2147498696,loop_2147496860,loop_2147498336,loop_2147499244,loop_2147498688,loop_2147499648,loop_2147496852,loop_2147499208,loop_2147498680,loop_2147499604,loop_2147498324,loop_2147496828,loop_2147497676,loop_2147498668,loop_2147499596,loop_2147496764,loop_2147496788,loop_2147497660,loop_2147497664,loop_2147498736,loop_2147498656,loop_2147499560,loop_2147496748,loop_2147497652,loop_2147498724,loop_2147498756,loop_2147498996,loop_2147498644,loop_2147496736,loop_2147497644,loop_2147498744,loop_2147498956,loop_2147498632,loop_2147496724,loop_2147497624,loop_2147498028,loop_2147498912,loop_2147498200,loop_2147498620,loop_2147496652,loop_2147496740,loop_2147497596,loop_2147499676,loop_2147497636,loop_2147498016,loop_2147498112,loop_2147498880,loop_2147498188,loop_2147499320,loop_2147498604,loop_2147496640,loop_2147497548,loop_2147497572,loop_2147498780,loop_2147497916,loop_2147498004,loop_2147499836,loop_2147498100,loop_2147499104,loop_2147498272,loop_2147498876,loop_2147498160,loop_2147499512,loop_2147498564,loop_2147496628,loop_2147499172,loop_2147497528,loop_2147498764,loop_2147497772,loop_2147497852,loop_2147497912,loop_2147498000,loop_2147499796,loop_2147498088,loop_2147499064,loop_2147498260,loop_2147499716,loop_2147498136,loop_2147498528,loop_2147496604,loop_2147499428,loop_2147497520,loop_2147497760,loop_2147497840,loop_2147497884,loop_2147499028,loop_2147497972,loop_2147499868,loop_2147498060,loop_2147499136,loop_2147498232,loop_2147499756,loop_2147498128,loop_2147496584,loop_2147498488,loop_2147497436,loop_2147497512,loop_2147497700,loop_2147497780,loop_2147498280,loop_2147497860,loop_2147497948,loop_2147498036,loop_2147498208,loop_2147498120,loop_2147496576,loop_2147498464,loop_2147497424,loop_2147497272,loop_2147496532,loop_2147497244,loop_2147496412,loop_2147497212,loop_2147497192,loop_2147498840,loop_2147497032,loop_2147499952,callee_2147495336,callee_2147494344,callee_2147493900,callee_2147493916,callee_2147493880,callee_2147493868,callee_2147494928,callee_2147496292,callee_2147495132,callee_2147493932,callee_2147493980,icall_2147498484,callee_2147495872,callee_2147501632,callee_2147511968,callee_2147511536,callee_2147501732,callee_2147507268,callee_2147494396,callee_2147501968,callee_2147494492,callee_2147504736,callee_2147511240,callee_2147500000,callee_2147501924,callee_2147511748,callee_2147501980
hStrGe	loop_2147499380,loop_2147499500,loop_2147499360,loop_2147496940,loop_2147499328,loop_2147498708,loop_2147498344,loop_2147499288,loop_2147498696,loop_2147496860,loop_2147498336,loop_2147499244,loop_2147498688,loop_2147499648,loop_2147496852,loop_2147499208,loop_2147498680,loop_2147499604,loop_2147498324,loop_2147496828,loop_2147497676,loop_2147498668,loop_2147499596,loop_2147496764,loop_2147496788,loop_2147497660,loop_2147497664,loop_2147498736,loop_2147498656,loop_2147499560,loop_2147496748,loop_2147497652,loop_2147498724,loop_2147498756,loop_2147498996,loop_2147498644,loop_2147496736,loop_2147497644,loop_2147498744,loop_2147498956,loop_2147498632,loop_2147496724,loop_2147497624,loop_2147498028,loop_2147498912,loop_2147498200,loop_2147498620,loop_2147496652,loop_2147496740,loop_2147497596,loop_2147499676,loop_2147497636,loop_2147498016,loop_2147498112,loop_2147498880,loop_2147498188,loop_2147499320,loop_2147498604,loop_2147496640,loop_2147497548,loop_2147497572,loop_2147498780,loop_2147497916,loop_2147498004,loop_2147499836,loop_2147498100,loop_2147499104,loop_2147498272,loop_2147498876,loop_2147498160,loop_2147499512,loop_2147498564,loop_2147496628,loop_2147499172,loop_2147497528,loop_2147498764,loop_2147497772,loop_2147497852,loop_2147497912,loop_2147498000,loop_2147499796,loop_2147498088,loop_2147499064,loop_2147498260,loop_2147499716,loop_2147498136,loop_2147498528,loop_2147496604,loop_2147499428,loop_2147497520,loop_2147497760,loop_2147497840,loop_2147497884,loop_2147499028,loop_2147497972,loop_2147499868,loop_2147498060,loop_2147499136,loop_2147498232,loop_2147499756,loop_2147498128,loop_2147496584,loop_2147498488,loop_2147497436,loop_2147497512,loop_2147497700,loop_2147497780,loop_2147498280,loop_2147497860,loop_2147497948,loop_2147498036,loop_2147498208,loop_2147498120,loop_2147496576,loop_2147498464,loop_2147497424,loop_2147497272,loop_2147496532,loop_2147497244,loop_2147496412,loop_2147497212,loop_2147497192,loop_2147498840,loop_2147497032,loop_2147499952,callee_2147495336,callee_2147494344,callee_2147493900,callee_2147493916,callee_2147493880,callee_2147493868,callee_2147494928,callee_2147496292,callee_2147495132,callee_2147493932,callee_2147493980,icall_2147498484,callee_2147495872,callee_2147501632,callee_2147511968,callee_2147511536,callee_2147501732,callee_2147507268,callee_2147494396,callee_2147501968,callee_2147494492,callee_2147504736,callee_2147511240,callee_2147500000,callee_2147501924,callee_2147511748,callee_2147501980
hStrGt	loop_2147499380,loop_2147499500,loop_2147499360,loop_2147496940,loop_2147499328,loop_2147498708,loop_2147498344,loop_2147499288,loop_2147498696,loop_2147496860,loop_2147498336,loop_2147499244,loop_2147498688,loop_2147499648,loop_2147496852,loop_2147499208,loop_2147498680,loop_2147499604,loop_2147498324,loop_2147496828,loop_2147497676,loop_2147498668,loop_2147499596,loop_2147496764,loop_2147496788,loop_2147497660,loop_2147497664,loop_2147498736,loop_2147498656,loop_2147499560,loop_2147496748,loop_2147497652,loop_2147498724,loop_2147498756,loop_2147498996,loop_2147498644,loop_2147496736,loop_2147497644,loop_2147498744,loop_2147498956,loop_2147498632,loop_2147496724,loop_2147497624,loop_2147498028,loop_2147498912,loop_2147498200,loop_2147498620,loop_2147496652,loop_2147496740,loop_2147497596,loop_2147499676,loop_2147497636,loop_2147498016,loop_2147498112,loop_2147498880,loop_2147498188,loop_2147499320,loop_2147498604,loop_2147496640,loop_2147497548,loop_2147497572,loop_2147498780,loop_2147497916,loop_2147498004,loop_2147499836,loop_2147498100,loop_2147499104,loop_2147498272,loop_2147498876,loop_2147498160,loop_2147499512,loop_2147498564,loop_2147496628,loop_2147499172,loop_2147497528,loop_2147498764,loop_2147497772,loop_2147497852,loop_2147497912,loop_2147498000,loop_2147499796,loop_2147498088,loop_2147499064,loop_2147498260,loop_2147499716,loop_2147498136,loop_2147498528,loop_2147496604,loop_2147499428,loop_2147497520,loop_2147497760,loop_2147497840,loop_2147497884,loop_2147499028,loop_2147497972,loop_2147499868,loop_2147498060,loop_2147499136,loop_2147498232,loop_2147499756,loop_2147498128,loop_2147496584,loop_2147498488,loop_2147497436,loop_2147497512,loop_2147497700,loop_2147497780,loop_2147498280,loop_2147497860,loop_2147497948,loop_2147498036,loop_2147498208,loop_2147498120,loop_2147496576,loop_2147498464,loop_2147497424,loop_2147497272,loop_2147496532,loop_2147497244,loop_2147496412,loop_2147497212,loop_2147497192,loop_2147498840,loop_2147497032,loop_2147499952,callee_2147495336,callee_2147494344,callee_2147493900,callee_2147493916,callee_2147493880,callee_2147493868,callee_2147494928,callee_2147496292,callee_2147495132,callee_2147493932,callee_2147493980,icall_2147498484,callee_2147495872,callee_2147501632,callee_2147511968,callee_2147511536,callee_2147501732,callee_2147507268,callee_2147494396,callee_2147501968,callee_2147494492,callee_2147504736,callee_2147511240,callee_2147500000,callee_2147501924,callee_2147511748,callee_2147501980
hStrLe	loop_2147499380,loop_2147499500,loop_2147499360,loop_2147496940,loop_2147499328,loop_2147498708,loop_2147498344,loop_2147499288,loop_2147498696,loop_2147496860,loop_2147498336,loop_2147499244,loop_2147498688,loop_2147499648,loop_2147496852,loop_2147499208,loop_2147498680,loop_2147499604,loop_2147498324,loop_2147496828,loop_2147497676,loop_2147498668,loop_2147499596,loop_2147496764,loop_2147496788,loop_2147497660,loop_2147497664,loop_2147498736,loop_2147498656,loop_2147499560,loop_2147496748,loop_2147497652,loop_2147498724,loop_2147498756,loop_2147498996,loop_2147498644,loop_2147496736,loop_2147497644,loop_2147498744,loop_2147498956,loop_2147498632,loop_2147496724,loop_2147497624,loop_2147498028,loop_2147498912,loop_2147498200,loop_2147498620,loop_2147496652,loop_2147496740,loop_2147497596,loop_2147499676,loop_2147497636,loop_2147498016,loop_2147498112,loop_2147498880,loop_2147498188,loop_2147499320,loop_2147498604,loop_2147496640,loop_2147497548,loop_2147497572,loop_2147498780,loop_2147497916,loop_2147498004,loop_2147499836,loop_2147498100,loop_2147499104,loop_2147498272,loop_2147498876,loop_2147498160,loop_2147499512,loop_2147498564,loop_2147496628,loop_2147499172,loop_2147497528,loop_2147498764,loop_2147497772,loop_2147497852,loop_2147497912,loop_2147498000,loop_2147499796,loop_2147498088,loop_2147499064,loop_2147498260,loop_2147499716,loop_2147498136,loop_2147498528,loop_2147496604,loop_2147499428,loop_2147497520,loop_2147497760,loop_2147497840,loop_2147497884,loop_2147499028,loop_2147497972,loop_2147499868,loop_2147498060,loop_2147499136,loop_2147498232,loop_2147499756,loop_2147498128,loop_2147496584,loop_2147498488,loop_2147497436,loop_2147497512,loop_2147497700,loop_2147497780,loop_2147498280,loop_2147497860,loop_2147497948,loop_2147498036,loop_2147498208,loop_2147498120,loop_2147496576,loop_2147498464,loop_2147497424,loop_2147497272,loop_2147496532,loop_2147497244,loop_2147496412,loop_2147497212,loop_2147497192,loop_2147498840,loop_2147497032,loop_2147499952,callee_2147495336,callee_2147494344,callee_2147493900,callee_2147493916,callee_2147493880,callee_2147493868,callee_2147494928,callee_2147496292,callee_2147495132,callee_2147493932,callee_2147493980,icall_2147498484,callee_2147495872,callee_2147501632,callee_2147511968,callee_2147511536,callee_2147501732,callee_2147507268,callee_2147494396,callee_2147501968,callee_2147494492,callee_2147504736,callee_2147511240,callee_2147500000,callee_2147501924,callee_2147511748,callee_2147501980
hStrLt	loop_2147499380,loop_2147499500,loop_2147499360,loop_2147496940,loop_2147499328,loop_2147498708,loop_2147498344,loop_2147499288,loop_2147498696,loop_2147496860,loop_2147498336,loop_2147499244,loop_2147498688,loop_2147499648,loop_2147496852,loop_2147499208,loop_2147498680,loop_2147499604,loop_2147498324,loop_2147496828,loop_2147497676,loop_2147498668,loop_2147499596,loop_2147496764,loop_2147496788,loop_2147497660,loop_2147497664,loop_2147498736,loop_2147498656,loop_2147499560,loop_2147496748,loop_2147497652,loop_2147498724,loop_2147498756,loop_2147498996,loop_2147498644,loop_2147496736,loop_2147497644,loop_2147498744,loop_2147498956,loop_2147498632,loop_2147496724,loop_2147497624,loop_2147498028,loop_2147498912,loop_2147498200,loop_2147498620,loop_2147496652,loop_2147496740,loop_2147497596,loop_2147499676,loop_2147497636,loop_2147498016,loop_2147498112,loop_2147498880,loop_2147498188,loop_2147499320,loop_2147498604,loop_2147496640,loop_2147497548,loop_2147497572,loop_2147498780,loop_2147497916,loop_2147498004,loop_2147499836,loop_2147498100,loop_2147499104,loop_2147498272,loop_2147498876,loop_2147498160,loop_2147499512,loop_2147498564,loop_2147496628,loop_2147499172,loop_2147497528,loop_2147498764,loop_2147497772,loop_2147497852,loop_2147497912,loop_2147498000,loop_2147499796,loop_2147498088,loop_2147499064,loop_2147498260,loop_2147499716,loop_2147498136,loop_2147498528,loop_2147496604,loop_2147499428,loop_2147497520,loop_2147497760,loop_2147497840,loop_2147497884,loop_2147499028,loop_2147497972,loop_2147499868,loop_2147498060,loop_2147499136,loop_2147498232,loop_2147499756,loop_2147498128,loop_2147496584,loop_2147498488,loop_2147497436,loop_2147497512,loop_2147497700,loop_2147497780,loop_2147498280,loop_2147497860,loop_2147497948,loop_2147498036,loop_2147498208,loop_2147498120,loop_2147496576,loop_2147498464,loop_2147497424,loop_2147497272,loop_2147496532,loop_2147497244,loop_2147496412,loop_2147497212,loop_2147497192,loop_2147498840,loop_2147497032,loop_2147499952,callee_2147495336,callee_2147494344,callee_2147493900,callee_2147493916,callee_2147493880,callee_2147493868,callee_2147494928,callee_2147496292,callee_2147495132,callee_2147493932,callee_2147493980,icall_2147498484,callee_2147495872,callee_2147501632,callee_2147511968,callee_2147511536,callee_2147501732,callee_2147507268,callee_2147494396,callee_2147501968,callee_2147494492,callee_2147504736,callee_2147511240,callee_2147500000,callee_2147501924,callee_2147511748,callee_2147501980
hDivCorr	loop_2147499380,loop_2147499500,loop_2147499360,loop_2147496940,loop_2147499328,loop_2147498708,loop_2147498344,loop_2147499288,loop_2147498696,loop_2147496860,loop_2147498336,loop_2147499244,loop_2147498688,loop_2147499648,loop_2147496852,loop_2147499208,loop_2147498680,loop_2147499604,loop_2147498324,loop_2147496828,loop_2147497676,loop_2147498668,loop_2147499596,loop_2147496764,loop_2147496788,loop_2147497660,loop_2147497664,loop_2147498736,loop_2147498656,loop_2147499560,loop_2147496748,loop_2147497652,loop_2147498724,loop_2147498756,loop_2147498996,loop_2147498644,loop_2147496736,loop_2147497644,loop_2147498744,loop_2147498956,loop_2147498632,loop_2147496724,loop_2147497624,loop_2147498028,loop_2147498912,loop_2147498200,loop_2147498620,loop_2147496652,loop_2147496740,loop_2147497596,loop_2147499676,loop_2147497636,loop_2147498016,loop_2147498112,loop_2147498880,loop_2147498188,loop_2147499320,loop_2147498604,loop_2147496640,loop_2147497548,loop_2147497572,loop_2147498780,loop_2147497916,loop_2147498004,loop_2147499836,loop_2147498100,loop_2147499104,loop_2147498272,loop_2147498876,loop_2147498160,loop_2147499512,loop_2147498564,loop_2147496628,loop_2147499172,loop_2147497528,loop_2147498764,loop_2147497772,loop_2147497852,loop_2147497912,loop_2147498000,loop_2147499796,loop_2147498088,loop_2147499064,loop_2147498260,loop_2147499716,loop_2147498136,loop_2147498528,loop_2147496604,loop_2147499428,loop_2147497520,loop_2147497760,loop_2147497840,loop_2147497884,loop_2147499028,loop_2147497972,loop_2147499868,loop_2147498060,loop_2147499136,loop_2147498232,loop_2147499756,loop_2147498128,loop_2147496584,loop_2147498488,loop_2147497436,loop_2147497512,loop_2147497700,loop_2147497780,loop_2147498280,loop_2147497860,loop_2147497948,loop_2147498036,loop_2147498208,loop_2147498120,loop_2147496576,loop_2147498464,loop_2147497424,loop_2147497272,loop_2147496532,loop_2147497244,loop_2147496412,loop_2147497212,loop_2147497192,loop_2147498840,loop_2147497032,loop_2147499952,callee_2147495336,callee_2147494344,callee_2147493900,callee_2147493916,callee_2147493880,callee_2147493868,callee_2147494928,callee_2147496292,callee_2147495132,callee_2147493932,callee_2147493980,icall_2147498484,callee_2147495872,callee_2147501632,callee_2147511968,callee_2147511536,callee_2147501732,callee_2147507268,callee_2147494396,callee_2147501968,callee_2147494492,callee_2147504736,callee_2147511240,callee_2147500000,callee_2147501924,callee_2147511748,callee_2147501980
hDivOv	loop_2147499380,loop_2147499500,loop_2147499360,loop_2147496940,loop_2147499328,loop_2147498708,loop_2147498344,loop_2147499288,loop_2147498696,loop_2147496860,loop_2147498336,loop_2147499244,loop_2147498688,loop_2147499648,loop_2147496852,loop_2147499208,loop_2147498680,loop_2147499604,loop_2147498324,loop_2147496828,loop_2147497676,loop_2147498668,loop_2147499596,loop_2147496764,loop_2147496788,loop_2147497660,loop_2147497664,loop_2147498736,loop_2147498656,loop_2147499560,loop_2147496748,loop_2147497652,loop_2147498724,loop_2147498756,loop_2147498996,loop_2147498644,loop_2147496736,loop_2147497644,loop_2147498744,loop_2147498956,loop_2147498632,loop_2147496724,loop_2147497624,loop_2147498028,loop_2147498912,loop_2147498200,loop_2147498620,loop_2147496652,loop_2147496740,loop_2147497596,loop_2147499676,loop_2147497636,loop_2147498016,loop_2147498112,loop_2147498880,loop_2147498188,loop_2147499320,loop_2147498604,loop_2147496640,loop_2147497548,loop_2147497572,loop_2147498780,loop_2147497916,loop_2147498004,loop_2147499836,loop_2147498100,loop_2147499104,loop_2147498272,loop_2147498876,loop_2147498160,loop_2147499512,loop_2147498564,loop_2147496628,loop_2147499172,loop_2147497528,loop_2147498764,loop_2147497772,loop_2147497852,loop_2147497912,loop_2147498000,loop_2147499796,loop_2147498088,loop_2147499064,loop_2147498260,loop_2147499716,loop_2147498136,loop_2147498528,loop_2147496604,loop_2147499428,loop_2147497520,loop_2147497760,loop_2147497840,loop_2147497884,loop_2147499028,loop_2147497972,loop_2147499868,loop_2147498060,loop_2147499136,loop_2147498232,loop_2147499756,loop_2147498128,loop_2147496584,loop_2147498488,loop_2147497436,loop_2147497512,loop_2147497700,loop_2147497780,loop_2147498280,loop_2147497860,loop_2147497948,loop_2147498036,loop_2147498208,loop_2147498120,loop_2147496576,loop_2147498464,loop_2147497424,loop_2147497272,loop_2147496532,loop_2147497244,loop_2147496412,loop_2147497212,loop_2147497192,loop_2147498840,loop_2147497032,loop_2147499952,callee_2147495336,callee_2147494344,callee_2147493900,callee_2147493916,callee_2147493880,callee_2147493868,callee_2147494928,callee_2147496292,callee_2147495132,callee_2147493932,callee_2147493980,icall_2147498484,callee_2147495872,callee_2147501632,callee_2147511968,callee_2147511536,callee_2147501732,callee_2147507268,callee_2147494396,callee_2147501968,callee_2147494492,callee_2147504736,callee_2147511240,callee_2147500000,callee_2147501924,callee_2147511748,callee_2147501980
hNeg	loop_2147499380,loop_2147499500,loop_2147499360,loop_2147496940,loop_2147499328,loop_2147498708,loop_2147498344,loop_2147499288,loop_2147498696,loop_2147496860,loop_2147498336,loop_2147499244,loop_2147498688,loop_2147499648,loop_2147496852,loop_2147499208,loop_2147498680,loop_2147499604,loop_2147498324,loop_2147496828,loop_2147498668,loop_2147499596,loop_2147496764,loop_2147496788,loop_2147498656,loop_2147499560,loop_2147496748,loop_2147498996,loop_2147498644,loop_2147496736,loop_2147498956,loop_2147498632,loop_2147496724,loop_2147497940,loop_2147498028,loop_2147498912,loop_2147498200,loop_2147498620,loop_2147496652,loop_2147496740,loop_2147497928,loop_2147498016,loop_2147498112,loop_2147498880,loop_2147498188,loop_2147499320,loop_2147498604,loop_2147496640,loop_2147497916,loop_2147498004,loop_2147499836,loop_2147498100,loop_2147499104,loop_2147498272,loop_2147498876,loop_2147498160,loop_2147499512,loop_2147498564,loop_2147496628,loop_2147499172,loop_2147497772,loop_2147497852,loop_2147497912,loop_2147498000,loop_2147499796,loop_2147498088,loop_2147499064,loop_2147498260,loop_2147499716,loop_2147498136,loop_2147498528,loop_2147496604,loop_2147499428,loop_2147497760,loop_2147497840,loop_2147497884,loop_2147499028,loop_2147497972,loop_2147499868,loop_2147498060,loop_2147499136,loop_2147498232,loop_2147499756,loop_2147498128,loop_2147496584,loop_2147498488,loop_2147497436,loop_2147497700,loop_2147497780,loop_2147498280,loop_2147497860,loop_2147497948,loop_2147498036,loop_2147498208,loop_2147498120,loop_2147496576,loop_2147498464,loop_2147497424,loop_2147497272,loop_2147496532,loop_2147497244,loop_2147496412,loop_2147497212,loop_2147497192,loop_2147498840,loop_2147497032,loop_2147499952,callee_2147495336,callee_2147494344,callee_2147493900,callee_2147493916,callee_2147493880,callee_2147493868,callee_2147494928,callee_2147496292,callee_2147495132,callee_2147493932,callee_2147493980,icall_2147498484,callee_2147495872,callee_2147501632,callee_2147511536,callee_2147501732,callee_2147501864,callee_2147507268,callee_2147494396,callee_2147501968,callee_2147494492,callee_2147504736,callee_2147511240,callee_2147500000,callee_2147501924,callee_2147511748,callee_2147501980
hNot	loop_2147499380,loop_2147499500,loop_2147499360,loop_2147496940,loop_2147499328,loop_2147498708,loop_2147498344,loop_2147499288,loop_2147498696,loop_2147496860,loop_2147498336,loop_2147499244,loop_2147498688,loop_2147499648,loop_2147496852,loop_2147499208,loop_2147498680,loop_2147499604,loop_2147498324,loop_2147496828,loop_2147498668,loop_2147499596,loop_2147496764,loop_2147496788,loop_2147498656,loop_2147499560,loop_2147496748,loop_2147498996,loop_2147498644,loop_2147496736,loop_2147498956,loop_2147498632,loop_2147496724,loop_2147497940,loop_2147498028,loop_2147498912,loop_2147498200,loop_2147498620,loop_2147496652,loop_2147496740,loop_2147497928,loop_2147498016,loop_2147498112,loop_2147498880,loop_2147498188,loop_2147499320,loop_2147498604,loop_2147496640,loop_2147497916,loop_2147498004,loop_2147499836,loop_2147498100,loop_2147499104,loop_2147498272,loop_2147498876,loop_2147498160,loop_2147499512,loop_2147498564,loop_2147496628,loop_2147499172,loop_2147497772,loop_2147497852,loop_2147497912,loop_2147498000,loop_2147499796,loop_2147498088,loop_2147499064,loop_2147498260,loop_2147499716,loop_2147498136,loop_2147498528,loop_2147496604,loop_2147499428,loop_2147497760,loop_2147497840,loop_2147497884,loop_2147499028,loop_2147497972,loop_2147499868,loop_2147498060,loop_2147499136,loop_2147498232,loop_2147499756,loop_2147498128,loop_2147496584,loop_2147498488,loop_2147497436,loop_2147497700,loop_2147497780,loop_2147498280,loop_2147497860,loop_2147497948,loop_2147498036,loop_2147498208,loop_2147498120,loop_2147496576,loop_2147498464,loop_2147497424,loop_2147497272,loop_2147496532,loop_2147497244,loop_2147496412,loop_2147497212,loop_2147497192,loop_2147498840,loop_2147497032,loop_2147499952,callee_2147495336,callee_2147494344,callee_2147493900,callee_2147493916,callee_2147493880,callee_2147493868,callee_2147494928,callee_2147496292,callee_2147495132,callee_2147493932,callee_2147493980,icall_2147498484,callee_2147495872,callee_2147501632,callee_2147511536,callee_2147501732,callee_2147501864,callee_2147507268,callee_2147494396,callee_2147501968,callee_2147494492,callee_2147504736,callee_2147511240,callee_2147500000,callee_2147501924,callee_2147511748,callee_2147501980
hAndTrue	loop_2147499380,loop_2147499500,loop_2147499360,loop_2147496940,loop_2147499328,loop_2147498708,loop_2147498344,loop_2147499288,loop_2147498696,loop_2147496860,loop_2147498336,loop_2147499244,loop_2147498688,loop_2147499648,loop_2147496852,loop_2147499208,loop_2147498680,loop_2147499604,loop_2147498324,loop_2147496828,loop_2147497676,loop_2147498668,loop_2147499596,loop_2147496764,loop_2147496788,loop_2147497660,loop_2147497664,loop_2147498736,loop_2147498656,loop_2147499560,loop_2147496748,loop_2147497652,loop_2147498724,loop_2147498756,loop_2147498996,loop_2147498644,loop_2147496736,loop_2147497644,loop_2147498744,loop_2147498956,loop_2147498632,loop_2147496724,loop_2147497624,loop_2147497940,loop_2147498028,loop_2147498912,loop_2147498200,loop_2147498620,loop_2147496652,loop_2147496740,loop_2147497596,loop_2147499676,loop_2147497636,loop_2147497928,loop_2147498016,loop_2147498112,loop_2147498880,loop_2147498188,loop_2147499320,loop_2147498604,loop_2147496640,loop_2147497548,loop_2147497572,loop_2147498780,loop_2147497916,loop_2147498004,loop_2147499836,loop_2147498100,loop_2147499104,loop_2147498272,loop_2147498876,loop_2147498160,loop_2147499512,loop_2147498564,loop_2147496628,loop_2147499172,loop_2147497528,loop_2147498764,loop_2147497772,loop_2147497852,loop_2147497912,loop_2147498000,loop_2147499796,loop_2147498088,loop_2147499064,loop_2147498260,loop_2147499716,loop_2147498136,loop_2147498528,loop_2147496604,loop_2147499428,loop_2147497520,loop_2147497760,loop_2147497840,loop_2147497884,loop_2147499028,loop_2147497972,loop_2147499868,loop_2147498060,loop_2147499136,loop_2147498232,loop_2147499756,loop_2147498128,loop_2147496584,loop_2147498488,loop_2147497436,loop_2147497512,loop_2147497700,loop_2147497780,loop_2147498280,loop_2147497860,loop_2147497948,loop_2147498036,loop_2147498208,loop_2147498120,loop_2147496576,loop_2147498464,loop_2147497424,loop_2147497272,loop_2147496532,loop_2147497244,loop_2147496412,loop_2147497212,loop_2147497192,loop_2147497032,loop_2147499952,callee_2147495336,callee_2147494344,callee_2147493900,callee_2147493916,callee_2147493880,callee_2147493868,callee_2147494928,callee_2147496292,callee_2147495132,callee_2147493932,callee_2147493980,icall_2147498484,callee_2147495872,callee_2147501632,callee_2147511968,callee_2147511536,callee_2147501732,callee_2147501864,callee_2147507268,callee_2147494396,callee_2147501968,callee_2147494492,callee_2147504736,callee_2147511240,callee_2147500000,callee_2147501924,callee_2147511748,callee_2147501980
hAndFalse	loop_2147499380,loop_2147499500,loop_2147499360,loop_2147496940,loop_2147499328,loop_2147498708,loop_2147498344,loop_2147499288,loop_2147498696,loop_2147496860,loop_2147498336,loop_2147499244,loop_2147498688,loop_2147499648,loop_2147496852,loop_2147499208,loop_2147498680,loop_2147499604,loop_2147498324,loop_2147496828,loop_2147497676,loop_2147498668,loop_2147499596,loop_2147496764,loop_2147496788,loop_2147497660,loop_2147497664,loop_2147498736,loop_2147498656,loop_2147499560,loop_2147496748,loop_2147497652,loop_2147498724,loop_2147498756,loop_2147498996,loop_2147498644,loop_2147496736,loop_2147497644,loop_2147498744,loop_2147498956,loop_2147498632,loop_2147496724,loop_2147497624,loop_2147497940,loop_2147498028,loop_2147498912,loop_2147498200,loop_2147498620,loop_2147496652,loop_2147496740,loop_2147497596,loop_2147499676,loop_2147497636,loop_2147497928,loop_2147498016,loop_2147498112,loop_2147498880,loop_2147498188,loop_2147499320,loop_2147498604,loop_2147496640,loop_2147497548,loop_2147497572,loop_2147498780,loop_2147497916,loop_2147498004,loop_2147499836,loop_2147498100,loop_2147499104,loop_2147498272,loop_2147498876,loop_2147498160,loop_2147499512,loop_2147498564,loop_2147496628,loop_2147499172,loop_2147497528,loop_2147498764,loop_2147497772,loop_2147497852,loop_2147497912,loop_2147498000,loop_2147499796,loop_2147498088,loop_2147499064,loop_2147498260,loop_2147499716,loop_2147498136,loop_2147498528,loop_2147496604,loop_2147499428,loop_2147497520,loop_2147497760,loop_2147497840,loop_2147497884,loop_2147499028,loop_2147497972,loop_2147499868,loop_2147498060,loop_2147499136,loop_2147498232,loop_2147499756,loop_2147498128,loop_2147496584,loop_2147498488,loop_2147497436,loop_2147497512,loop_2147497700,loop_2147497780,loop_2147498280,loop_2147497860,loop_2147497948,loop_2147498036,loop_2147498208,loop_2147498120,loop_2147496576,loop_2147498464,loop_2147497424,loop_2147497272,loop_2147496532,loop_2147497244,loop_2147496412,loop_2147497212,loop_2147497192,loop_2147497032,loop_2147499952,callee_2147495336,callee_2147494344,callee_2147493900,callee_2147493916,callee_2147493880,callee_2147493868,callee_2147494928,callee_2147496292,callee_2147495132,callee_2147493932,callee_2147493980,icall_2147498484,callee_2147495872,callee_2147501632,callee_2147511968,callee_2147511536,callee_2147501732,callee_2147501864,callee_2147507268,callee_2147494396,callee_2147501968,callee_2147494492,callee_2147504736,callee_2147511240,callee_2147500000,callee_2147501924,callee_2147511748,callee_2147501980
hOrTrue	loop_2147499380,loop_2147499500,loop_2147499360,loop_2147496940,loop_2147499328,loop_2147498708,loop_2147498344,loop_2147499288,loop_2147498696,loop_2147496860,loop_2147498336,loop_2147499244,loop_2147498688,loop_2147499648,loop_2147496852,loop_2147499208,loop_2147498680,loop_2147499604,loop_2147498324,loop_2147496828,loop_2147497676,loop_2147498668,loop_2147499596,loop_2147496764,loop_2147496788,loop_2147497660,loop_2147497664,loop_2147498736,loop_2147498656,loop_2147499560,loop_2147496748,loop_2147497652,loop_2147498724,loop_2147498756,loop_2147498996,loop_2147498644,loop_2147496736,loop_2147497644,loop_2147498744,loop_2147498956,loop_2147498632,loop_2147496724,loop_2147497624,loop_2147497940,loop_2147498028,loop_2147498912,loop_2147498200,loop_2147498620,loop_2147496652,loop_2147496740,loop_2147497596,loop_2147499676,loop_2147497636,loop_2147497928,loop_2147498016,loop_2147498112,loop_2147498880,loop_2147498188,loop_2147499320,loop_2147498604,loop_2147496640,loop_2147497548,loop_2147497572,loop_2147498780,loop_2147497916,loop_2147498004,loop_2147499836,loop_2147498100,loop_2147499104,loop_2147498272,loop_2147498876,loop_2147498160,loop_2147499512,loop_2147498564,loop_2147496628,loop_2147499172,loop_2147497528,loop_2147498764,loop_2147497772,loop_2147497852,loop_2147497912,loop_2147498000,loop_2147499796,loop_2147498088,loop_2147499064,loop_2147498260,loop_2147499716,loop_2147498136,loop_2147498528,loop_2147496604,loop_2147499428,loop_2147497520,loop_2147497760,loop_2147497840,loop_2147497884,loop_2147499028,loop_2147497972,loop_2147499868,loop_2147498060,loop_2147499136,loop_2147498232,loop_2147499756,loop_2147498128,loop_2147496584,loop_2147498488,loop_2147497436,loop_2147497512,loop_2147497700,loop_2147497780,loop_2147498280,loop_2147497860,loop_2147497948,loop_2147498036,loop_2147498208,loop_2147498120,loop_2147496576,loop_2147498464,loop_2147497424,loop_2147497272,loop_2147496532,loop_2147497244,loop_2147496412,loop_2147497212,loop_2147497192,loop_2147497032,loop_2147499952,callee_2147495336,callee_2147494344,callee_2147493900,callee_2147493916,callee_2147493880,callee_2147493868,callee_2147494928,callee_2147496292,callee_2147495132,callee_2147493932,callee_2147493980,icall_2147498484,callee_2147495872,callee_2147501632,callee_2147511968,callee_2147511536,callee_2147501732,callee_2147501864,callee_2147507268,callee_2147494396,callee_2147501968,callee_2147494492,callee_2147504736,callee_2147511240,callee_2147500000,callee_2147501924,callee_2147511748,callee_2147501980
hOrFalse	loop_2147499380,loop_2147499500,loop_2147499360,loop_2147496940,loop_2147499328,loop_2147498708,loop_2147498344,loop_2147499288,loop_2147498696,loop_2147496860,loop_2147498336,loop_2147499244,loop_2147498688,loop_2147499648,loop_2147496852,loop_2147499208,loop_2147498680,loop_2147499604,loop_2147498324,loop_2147496828,loop_2147497676,loop_2147498668,loop_2147499596,loop_2147496764,loop_2147496788,loop_2147497660,loop_2147497664,loop_2147498736,loop_2147498656,loop_2147499560,loop_2147496748,loop_2147497652,loop_2147498724,loop_2147498756,loop_2147498996,loop_2147498644,loop_2147496736,loop_2147497644,loop_2147498744,loop_2147498956,loop_2147498632,loop_2147496724,loop_2147497624,loop_2147497940,loop_2147498028,loop_2147498912,loop_2147498200,loop_2147498620,loop_2147496652,loop_2147496740,loop_2147497596,loop_2147499676,loop_2147497636,loop_2147497928,loop_2147498016,loop_2147498112,loop_2147498880,loop_2147498188,loop_2147499320,loop_2147498604,loop_2147496640,loop_2147497548,loop_2147497572,loop_2147498780,loop_2147497916,loop_2147498004,loop_2147499836,loop_2147498100,loop_2147499104,loop_2147498272,loop_2147498876,loop_2147498160,loop_2147499512,loop_2147498564,loop_2147496628,loop_2147499172,loop_2147497528,loop_2147498764,loop_2147497772,loop_2147497852,loop_2147497912,loop_2147498000,loop_2147499796,loop_2147498088,loop_2147499064,loop_2147498260,loop_2147499716,loop_2147498136,loop_2147498528,loop_2147496604,loop_2147499428,loop_2147497520,loop_2147497760,loop_2147497840,loop_2147497884,loop_2147499028,loop_2147497972,loop_2147499868,loop_2147498060,loop_2147499136,loop_2147498232,loop_2147499756,loop_2147498128,loop_2147496584,loop_2147498488,loop_2147497436,loop_2147497512,loop_2147497700,loop_2147497780,loop_2147498280,loop_2147497860,loop_2147497948,loop_2147498036,loop_2147498208,loop_2147498120,loop_2147496576,loop_2147498464,loop_2147497424,loop_2147497272,loop_2147496532,loop_2147497244,loop_2147496412,loop_2147497212,loop_2147497192,loop_2147497032,loop_2147499952,callee_2147495336,callee_2147494344,callee_2147493900,callee_2147493916,callee_2147493880,callee_2147493868,callee_2147494928,callee_2147496292,callee_2147495132,callee_2147493932,callee_2147493980,icall_2147498484,callee_2147495872,callee_2147501632,callee_2147511968,callee_2147511536,callee_2147501732,callee_2147501864,callee_2147507268,callee_2147494396,callee_2147501968,callee_2147494492,callee_2147504736,callee_2147511240,callee_2147500000,callee_2147501924,callee_2147511748,callee_2147501980
hCall	loop_2147496940,loop_2147498708,loop_2147498696,loop_2147498688,loop_2147499648,loop_2147498344,loop_2147498680,loop_2147499604,loop_2147498324,loop_2147497676,loop_2147498668,loop_2147499596,loop_2147496764,loop_2147496788,loop_2147499380,loop_2147499500,loop_2147497660,loop_2147497664,loop_2147498736,loop_2147498656,loop_2147499560,loop_2147496748,loop_2147499360,loop_2147497652,loop_2147498724,loop_2147498756,loop_2147498996,loop_2147498644,loop_2147496736,loop_2147499328,loop_2147497644,loop_2147498744,loop_2147498956,loop_2147498632,loop_2147496724,loop_2147499288,loop_2147497624,loop_2147497940,loop_2147498028,loop_2147498912,loop_2147498200,loop_2147498620,loop_2147496652,loop_2147496740,loop_2147499244,loop_2147497596,loop_2147499676,loop_2147497636,loop_2147497928,loop_2147498016,loop_2147498112,loop_2147498880,loop_2147498188,loop_2147499320,loop_2147498604,loop_2147496640,loop_2147499208,loop_2147497548,loop_2147497572,loop_2147498780,loop_2147497916,loop_2147498004,loop_2147499836,loop_2147498100,loop_2147499104,loop_2147498272,loop_2147498876,loop_2147498160,loop_2147499512,loop_2147498564,loop_2147496628,loop_2147499172,loop_2147497528,loop_2147498764,loop_2147497772,loop_2147497852,loop_2147497912,loop_2147498000,loop_2147499796,loop_2147498088,loop_2147499064,loop_2147498260,loop_2147499716,loop_2147498136,loop_2147498528,loop_2147496604,loop_2147499428,loop_2147497520,loop_2147497760,loop_2147497840,loop_2147497884,loop_2147499028,loop_2147497972,loop_2147499868,loop_2147498060,loop_2147499136,loop_2147498232,loop_2147499756,loop_2147498128,loop_2147496584,loop_2147498488,loop_2147497436,loop_2147497512,loop_2147497700,loop_2147497780,loop_2147498280,loop_2147497860,loop_2147497948,loop_2147498036,loop_2147498208,loop_2147498120,loop_2147496576,loop_2147498464,loop_2147497424,loop_2147497272,loop_2147496532,loop_2147497244,loop_2147496412,loop_2147497212,loop_2147497192,loop_2147498840,loop_2147497032,loop_2147499952,callee_2147495336,callee_2147494344,callee_2147493900,callee_2147493916,callee_2147493880,callee_2147493868,callee_2147494928,callee_2147496292,callee_2147495132,callee_2147493932,callee_2147493980,icall_2147498484,callee_2147495872,callee_2147501632,callee_2147511968,callee_2147511536,callee_2147501732,callee_2147501864,callee_2147507268,callee_2147494396,callee_2147501968,callee_2147494492,callee_2147504736,callee_2147511240,callee_2147501924,callee_2147511748,callee_2147501980
hCallClosure	loop_2147496940,loop_2147498708,loop_2147498696,loop_2147498688,loop_2147499648,loop_2147498344,loop_2147498680,loop_2147499604,loop_2147498324,loop_2147497676,loop_2147498668,loop_2147499596,loop_2147496764,loop_2147496788,loop_2147499380,loop_2147499500,loop_2147497660,loop_2147497664,loop_2147498736,loop_2147498656,loop_2147499560,loop_2147496748,loop_2147499360,loop_2147497652,loop_2147498724,loop_2147498756,loop_2147498996,loop_2147498644,loop_2147496736,loop_2147499328,loop_2147497644,loop_2147498744,loop_2147498956,loop_2147498632,loop_2147496724,loop_2147499288,loop_2147497624,loop_2147497940,loop_2147498028,loop_2147498912,loop_2147498200,loop_2147498620,loop_2147496652,loop_2147496740,loop_2147499244,loop_2147497596,loop_2147499676,loop_2147497636,loop_2147497928,loop_2147498016,loop_2147498112,loop_2147498880,loop_2147498188,loop_2147499320,loop_2147498604,loop_2147496640,loop_2147499208,loop_2147497548,loop_2147497572,loop_2147498780,loop_2147497916,loop_2147498004,loop_2147499836,loop_2147498100,loop_2147499104,loop_2147498272,loop_2147498876,loop_2147498160,loop_2147499512,loop_2147498564,loop_2147496628,loop_2147499172,loop_2147497528,loop_2147498764,loop_2147497772,loop_2147497852,loop_2147497912,loop_2147498000,loop_2147499796,loop_2147498088,loop_2147499064,loop_2147498260,loop_2147499716,loop_2147498136,loop_2147498528,loop_2147496604,loop_2147499428,loop_2147497520,loop_2147497760,loop_2147497840,loop_2147497884,loop_2147499028,loop_2147497972,loop_2147499868,loop_2147498060,loop_2147499136,loop_2147498232,loop_2147499756,loop_2147498128,loop_2147496584,loop_2147498488,loop_2147497436,loop_2147497512,loop_2147497700,loop_2147497780,loop_2147498280,loop_2147497860,loop_2147497948,loop_2147498036,loop_2147498208,loop_2147498120,loop_2147496576,loop_2147498464,loop_2147497424,loop_2147497272,loop_2147496532,loop_2147497244,loop_2147496412,loop_2147497212,loop_2147497192,loop_2147498840,loop_2147497032,loop_2147499952,callee_2147495336,callee_2147494344,callee_2147493900,callee_2147493916,callee_2147493880,callee_2147493868,callee_2147494928,callee_2147496292,callee_2147495132,callee_2147493932,callee_2147493980,icall_2147498484,callee_2147495872,callee_2147501632,callee_2147511968,callee_2147511536,callee_2147501732,callee_2147501864,callee_2147507268,callee_2147494396,callee_2147501968,callee_2147494492,callee_2147504736,callee_2147511240,callee_2147501924,callee_2147511748,callee_2147501980
hArgsCons	loop_2147496940,loop_2147498708,loop_2147498696,loop_2147498688,loop_2147499648,loop_2147498344,loop_2147498680,loop_2147499604,loop_2147498324,loop_2147497676,loop_2147498668,loop_2147499596,loop_2147496764,loop_2147496788,loop_2147499380,loop_2147499500,loop_2147497660,loop_2147497664,loop_2147498736,loop_2147498656,loop_2147499560,loop_2147496748,loop_2147499360,loop_2147497652,loop_2147498724,loop_2147498756,loop_2147498996,loop_2147498644,loop_2147496736,loop_2147499328,loop_2147497644,loop_2147498744,loop_2147498956,loop_2147498632,loop_2147496724,loop_2147499288,loop_2147497624,loop_2147497940,loop_2147498028,loop_2147498912,loop_2147498200,loop_2147498620,loop_2147496652,loop_2147496740,loop_2147499244,loop_2147497596,loop_2147499676,loop_2147497636,loop_2147497928,loop_2147498016,loop_2147498112,loop_2147498880,loop_2147498188,loop_2147499320,loop_2147498604,loop_2147496640,loop_2147499208,loop_2147497548,loop_2147497572,loop_2147498780,loop_2147497916,loop_2147498004,loop_2147499836,loop_2147498100,loop_2147499104,loop_2147498272,loop_2147498876,loop_2147498160,loop_2147499512,loop_2147498564,loop_2147496628,loop_2147499172,loop_2147497528,loop_2147498764,loop_2147497772,loop_2147497852,loop_2147497912,loop_2147498000,loop_2147499796,loop_2147498088,loop_2147499064,loop_2147498260,loop_2147499716,loop_2147498136,loop_2147498528,loop_2147496604,loop_2147499428,loop_2147497520,loop_2147497760,loop_2147497840,loop_2147497884,loop_2147499028,loop_2147497972,loop_2147499868,loop_2147498060,loop_2147499136,loop_2147498232,loop_2147499756,loop_2147498128,loop_2147496584,loop_2147498488,loop_2147497436,loop_2147497512,loop_2147497700,loop_2147497780,loop_2147498280,loop_2147497860,loop_2147497948,loop_2147498036,loop_2147498208,loop_2147498120,loop_2147496576,loop_2147498464,loop_2147497424,loop_2147497272,loop_2147496532,loop_2147497244,loop_2147496412,loop_2147497212,loop_2147497192,loop_2147498840,loop_2147497032,loop_2147499952,callee_2147495336,callee_2147494344,callee_2147493900,callee_2147493916,callee_2147493880,callee_2147493868,callee_2147494928,callee_2147496292,callee_2147495132,callee_2147493932,callee_2147493980,icall_2147498484,callee_2147495872,callee_2147501632,callee_2147511968,callee_2147511536,callee_2147501732,callee_2147501864,callee_2147507268,callee_2147494396,callee_2147501968,callee_2147494492,callee_2147504736,callee_2147511240,callee_2147501924,callee_2147511748,callee_2147501980
hArgsNil	loop_2147496940,loop_2147498708,loop_2147498696,loop_2147498688,loop_2147499648,loop_2147498680,loop_2147499604,loop_2147497676,loop_2147498668,loop_2147499596,loop_2147497660,loop_2147497664,loop_2147498736,loop_2147498656,loop_2147499560,loop_2147497652,loop_2147498724,loop_2147498756,loop_2147498996,loop_2147499380,loop_2147499500,loop_2147498644,loop_2147497644,loop_2147498744,loop_2147498956,loop_2147499360,loop_2147498632,loop_2147497624,loop_2147497940,loop_2147498028,loop_2147498912,loop_2147498200,loop_2147499328,loop_2147498620,loop_2147497596,loop_2147499676,loop_2147497636,loop_2147497928,loop_2147498016,loop_2147498112,loop_2147498880,loop_2147498188,loop_2147499288,loop_2147499320,loop_2147498604,loop_2147497548,loop_2147497572,loop_2147498780,loop_2147497916,loop_2147498004,loop_2147499244,loop_2147499836,loop_2147498100,loop_2147499104,loop_2147498272,loop_2147498876,loop_2147498160,loop_2147499512,loop_2147498564,loop_2147497528,loop_2147498764,loop_2147497772,loop_2147497852,loop_2147498344,loop_2147497912,loop_2147498000,loop_2147499796,loop_2147498088,loop_2147499064,loop_2147498260,loop_2147499716,loop_2147498136,loop_2147498528,loop_2147497520,loop_2147497760,loop_2147497840,loop_2147498324,loop_2147497884,loop_2147499028,loop_2147497972,loop_2147499868,loop_2147498060,loop_2147499136,loop_2147498232,loop_2147499756,loop_2147498128,loop_2147497436,loop_2147497512,loop_2147497700,loop_2147497780,loop_2147498280,loop_2147497860,loop_2147497948,loop_2147498036,loop_2147498208,loop_2147498120,loop_2147497424,loop_2147497272,loop_2147497244,loop_2147497212,loop_2147497192,loop_2147498840,loop_2147497032,callee_2147495336,callee_2147494344,callee_2147493900,callee_2147493916,callee_2147493880,callee_2147493868,callee_2147494928,callee_2147496292,callee_2147495132,callee_2147493932,callee_2147493980,callee_2147495872,callee_2147501632,callee_2147511968,callee_2147511536,callee_2147501732,callee_2147501864,callee_2147501968,callee_2147504736,callee_2147511240,callee_2147507268,callee_2147501924,callee_2147511748,callee_2147501980
hCallPrint	loop_2147496940,loop_2147498708,loop_2147498696,loop_2147498688,loop_2147499648,loop_2147498344,loop_2147498680,loop_2147499604,loop_2147498324,loop_2147497676,loop_2147498668,loop_2147499596,loop_2147496764,loop_2147496788,loop_2147499380,loop_2147499500,loop_2147497660,loop_2147497664,loop_2147498736,loop_2147498656,loop_2147499560,loop_2147496748,loop_2147499360,loop_2147497652,loop_2147498724,loop_2147498756,loop_2147498996,loop_2147498644,loop_2147496736,loop_2147499328,loop_2147497644,loop_2147498744,loop_2147498956,loop_2147498632,loop_2147496724,loop_2147499288,loop_2147497624,loop_2147497940,loop_2147498028,loop_2147498912,loop_2147498200,loop_2147498620,loop_2147496652,loop_2147496740,loop_2147499244,loop_2147497596,loop_2147499676,loop_2147497636,loop_2147497928,loop_2147498016,loop_2147498112,loop_2147498880,loop_2147498188,loop_2147499320,loop_2147498604,loop_2147496640,loop_2147499208,loop_2147497548,loop_2147497572,loop_2147498780,loop_2147497916,loop_2147498004,loop_2147499836,loop_2147498100,loop_2147499104,loop_2147498272,loop_2147498876,loop_2147498160,loop_2147499512,loop_2147498564,loop_2147496628,loop_2147499172,loop_2147497528,loop_2147498764,loop_2147497772,loop_2147497852,loop_2147497912,loop_2147498000,loop_2147499796,loop_2147498088,loop_2147499064,loop_2147498260,loop_2147499716,loop_2147498136,loop_2147498528,loop_2147496604,loop_2147499428,loop_2147497520,loop_2147497760,loop_2147497840,loop_2147497884,loop_2147499028,loop_2147497972,loop_2147499868,loop_2147498060,loop_2147499136,loop_2147498232,loop_2147499756,loop_2147498128,loop_2147496584,loop_2147498488,loop_2147497436,loop_2147497512,loop_2147497700,loop_2147497780,loop_2147498280,loop_2147497860,loop_2147497948,loop_2147498036,loop_2147498208,loop_2147498120,loop_2147496576,loop_2147498464,loop_2147497424,loop_2147497272,loop_2147496532,loop_2147497244,loop_2147496412,loop_2147497212,loop_2147497192,loop_2147498840,loop_2147497032,loop_2147499952,callee_2147495336,callee_2147494344,callee_2147493900,callee_2147493916,callee_2147493880,callee_2147493868,callee_2147494928,callee_2147496292,callee_2147495132,callee_2147493932,callee_2147493980,icall_2147498484,callee_2147495872,callee_2147501632,callee_2147511968,callee_2147511536,callee_2147501732,callee_2147501864,callee_2147507268,callee_2147494396,callee_2147501968,callee_2147494492,callee_2147504736,callee_2147511240,callee_2147501924,callee_2147511748,callee_2147501980
hCallPrintln	loop_2147496940,loop_2147498708,loop_2147498696,loop_2147498688,loop_2147499648,loop_2147498344,loop_2147498680,loop_2147499604,loop_2147498324,loop_2147497676,loop_2147498668,loop_2147499596,loop_2147496764,loop_2147496788,loop_2147499380,loop_2147499500,loop_2147497660,loop_2147497664,loop_2147498736,loop_2147498656,loop_2147499560,loop_2147496748,loop_2147499360,loop_2147497652,loop_2147498724,loop_2147498756,loop_2147498996,loop_2147498644,loop_2147496736,loop_2147499328,loop_2147497644,loop_2147498744,loop_2147498956,loop_2147498632,loop_2147496724,loop_2147499288,loop_2147497624,loop_2147497940,loop_2147498028,loop_2147498912,loop_2147498200,loop_2147498620,loop_2147496652,loop_2147496740,loop_2147499244,loop_2147497596,loop_2147499676,loop_2147497636,loop_2147497928,loop_2147498016,loop_2147498112,loop_2147498880,loop_2147498188,loop_2147499320,loop_2147498604,loop_2147496640,loop_2147499208,loop_2147497548,loop_2147497572,loop_2147498780,loop_2147497916,loop_2147498004,loop_2147499836,loop_2147498100,loop_2147499104,loop_2147498272,loop_2147498876,loop_2147498160,loop_2147499512,loop_2147498564,loop_2147496628,loop_2147499172,loop_2147497528,loop_2147498764,loop_2147497772,loop_2147497852,loop_2147497912,loop_2147498000,loop_2147499796,loop_2147498088,loop_2147499064,loop_2147498260,loop_2147499716,loop_2147498136,loop_2147498528,loop_2147496604,loop_2147499428,loop_2147497520,loop_2147497760,loop_2147497840,loop_2147497884,loop_2147499028,loop_2147497972,loop_2147499868,loop_2147498060,loop_2147499136,loop_2147498232,loop_2147499756,loop_2147498128,loop_2147496584,loop_2147498488,loop_2147497436,loop_2147497512,loop_2147497700,loop_2147497780,loop_2147498280,loop_2147497860,loop_2147497948,loop_2147498036,loop_2147498208,loop_2147498120,loop_2147496576,loop_2147498464,loop_2147497424,loop_2147497272,loop_2147496532,loop_2147497244,loop_2147496412,loop_2147497212,loop_2147497192,loop_2147498840,loop_2147497032,loop_2147499952,callee_2147495336,callee_2147494344,callee_2147493900,callee_2147493916,callee_2147493880,callee_2147493868,callee_2147494928,callee_2147496292,callee_2147495132,callee_2147493932,callee_2147493980,icall_2147498484,callee_2147495872,callee_2147501632,callee_2147511968,callee_2147511536,callee_2147501732,callee_2147501864,callee_2147507268,callee_2147494396,callee_2147501968,callee_2147494492,callee_2147504736,callee_2147511240,callee_2147501924,callee_2147511748,callee_2147501980
hCallAssertOk	loop_2147496940,loop_2147498708,loop_2147498696,loop_2147498688,loop_2147499648,loop_2147498344,loop_2147498680,loop_2147499604,loop_2147498324,loop_2147497676,loop_2147498668,loop_2147499596,loop_2147496764,loop_2147496788,loop_2147499380,loop_2147499500,loop_2147497660,loop_2147497664,loop_2147498736,loop_2147498656,loop_2147499560,loop_2147496748,loop_2147499360,loop_2147497652,loop_2147498724,loop_2147498756,loop_2147498996,loop_2147498644,loop_2147496736,loop_2147499328,loop_2147497644,loop_2147498744,loop_2147498956,loop_2147498632,loop_2147496724,loop_2147499288,loop_2147497624,loop_2147497940,loop_2147498028,loop_2147498912,loop_2147498200,loop_2147498620,loop_2147496652,loop_2147496740,loop_2147499244,loop_2147497596,loop_2147499676,loop_2147497636,loop_2147497928,loop_2147498016,loop_2147498112,loop_2147498880,loop_2147498188,loop_2147499320,loop_2147498604,loop_2147496640,loop_2147499208,loop_2147497548,loop_2147497572,loop_2147498780,loop_2147497916,loop_2147498004,loop_2147499836,loop_2147498100,loop_2147499104,loop_2147498272,loop_2147498876,loop_2147498160,loop_2147499512,loop_2147498564,loop_2147496628,loop_2147499172,loop_2147497528,loop_2147498764,loop_2147497772,loop_2147497852,loop_2147497912,loop_2147498000,loop_2147499796,loop_2147498088,loop_2147499064,loop_2147498260,loop_2147499716,loop_2147498136,loop_2147498528,loop_2147496604,loop_2147499428,loop_2147497520,loop_2147497760,loop_2147497840,loop_2147497884,loop_2147499028,loop_2147497972,loop_2147499868,loop_2147498060,loop_2147499136,loop_2147498232,loop_2147499756,loop_2147498128,loop_2147496584,loop_2147498488,loop_2147497436,loop_2147497512,loop_2147497700,loop_2147497780,loop_2147498280,loop_2147497860,loop_2147497948,loop_2147498036,loop_2147498208,loop_2147498120,loop_2147496576,loop_2147498464,loop_2147497424,loop_2147497272,loop_2147496532,loop_2147497244,loop_2147496412,loop_2147497212,loop_2147497192,loop_2147498840,loop_2147497032,loop_2147499952,callee_2147495336,callee_2147494344,callee_2147493900,callee_2147493916,callee_2147493880,callee_2147493868,callee_2147494928,callee_2147496292,callee_2147495132,callee_2147493932,callee_2147493980,icall_2147498484,callee_2147495872,callee_2147501632,callee_2147511968,callee_2147511536,callee_2147501732,callee_2147501864,callee_2147507268,callee_2147494396,callee_2147501968,callee_2147494492,callee_2147504736,callee_2147511240,callee_2147501924,callee_2147511748,callee_2147501980
hFn	loop_2147499648,callee_2147501968,callee_2147504736,callee_2147501924,callee_2147494344,callee_2147495336
hSExpr	loop_2147500188,loop_2147500368,loop_2147500740,loop_2147500176,loop_2147500652,loop_2147500312,loop_2147500344,loop_2147500632,loop_2147500512,loop_2147500272,loop_2147500792,loop_2147500616,loop_2147500452,loop_2147500804,loop_2147500328,loop_2147500784,loop_2147500604,loop_2147500436,loop_2147500256,loop_2147500796,loop_2147500420,loop_2147500712,loop_2147500216,loop_2147500184,loop_2147500320,loop_2147500596,loop_2147500092,loop_2147500428,loop_2147500248,loop_2147500400,loop_2147500756,loop_2147500060,callee_2147496292,callee_2147494396,callee_2147493868,callee_2147493932,callee_2147494492,callee_2147500000
hSBlock	loop_2147500188,loop_2147500368,loop_2147500740,loop_2147500176,loop_2147500652,loop_2147500312,loop_2147500344,loop_2147500632,loop_2147500512,loop_2147500272,loop_2147500792,loop_2147500616,loop_2147500452,loop_2147500804,loop_2147500328,loop_2147500784,loop_2147500604,loop_2147500436,loop_2147500256,loop_2147500796,loop_2147500420,loop_2147500712,loop_2147500216,loop_2147500184,loop_2147500320,loop_2147500596,loop_2147500092,loop_2147500428,loop_2147500248,loop_2147500400,loop_2147500756,loop_2147500060,callee_2147496292,callee_2147494396,callee_2147493868,callee_2147493932,callee_2147494492,callee_2147500000
hSIfTrue	loop_2147500188,loop_2147500368,loop_2147500740,loop_2147500176,loop_2147500652,loop_2147500312,loop_2147500344,loop_2147500632,loop_2147500512,loop_2147500272,loop_2147500792,loop_2147500616,loop_2147500452,loop_2147500804,loop_2147500328,loop_2147500784,loop_2147500604,loop_2147500436,loop_2147500256,loop_2147500796,loop_2147500420,loop_2147500712,loop_2147500216,loop_2147500184,loop_2147500320,loop_2147500596,loop_2147500092,loop_2147500428,loop_2147500248,loop_2147500400,loop_2147500756,loop_2147500060,callee_2147496292,callee_2147494396,callee_2147493868,callee_2147493932,callee_2147494492,callee_2147500000
hSIfFalse	loop_2147500188,loop_2147500368,loop_2147500740,loop_2147500176,loop_2147500652,loop_2147500312,loop_2147500344,loop_2147500632,loop_2147500512,loop_2147500272,loop_2147500792,loop_2147500616,loop_2147500452,loop_2147500804,loop_2147500328,loop_2147500784,loop_2147500604,loop_2147500436,loop_2147500256,loop_2147500796,loop_2147500420,loop_2147500712,loop_2147500216,loop_2147500184,loop_2147500320,loop_2147500596,loop_2147500092,loop_2147500428,loop_2147500248,loop_2147500400,loop_2147500756,loop_2147500060,callee_2147496292,callee_2147494396,callee_2147493868,callee_2147493932,callee_2147494492,callee_2147500000
hSIfNone	loop_2147500188,loop_2147500368,loop_2147500740,loop_2147500176,loop_2147500652,loop_2147500312,loop_2147500344,loop_2147500632,loop_2147500512,loop_2147500272,loop_2147500792,loop_2147500616,loop_2147500452,loop_2147500804,loop_2147500328,loop_2147500784,loop_2147500604,loop_2147500436,loop_2147500256,loop_2147500796,loop_2147500420,loop_2147500712,loop_2147500216,loop_2147500184,loop_2147500320,loop_2147500596,loop_2147500092,loop_2147500428,loop_2147500248,loop_2147500400,loop_2147500756,loop_2147500060,callee_2147496292,callee_2147494396,callee_2147493868,callee_2147493932,callee_2147494492,callee_2147500000
hSRet	loop_2147500188,loop_2147500368,loop_2147500740,loop_2147500176,loop_2147500652,loop_2147500312,loop_2147500344,loop_2147500632,loop_2147500512,loop_2147500272,loop_2147500792,loop_2147500616,loop_2147500452,loop_2147500804,loop_2147500328,loop_2147500784,loop_2147500604,loop_2147500436,loop_2147500256,loop_2147500796,loop_2147500420,loop_2147500712,loop_2147500216,loop_2147500184,loop_2147500320,loop_2147500596,loop_2147500092,loop_2147500428,loop_2147500248,loop_2147500400,loop_2147500756,loop_2147500060,callee_2147496292,callee_2147494396,callee_2147493868,callee_2147493932,callee_2147494492,callee_2147500000
hSRetNull	loop_2147500188,loop_2147500368,loop_2147500740,loop_2147500176,loop_2147500652,loop_2147500312,loop_2147500344,loop_2147500632,loop_2147500512,loop_2147500272,loop_2147500792,loop_2147500616,loop_2147500452,loop_2147500804,loop_2147500328,loop_2147500784,loop_2147500604,loop_2147500436,loop_2147500256,loop_2147500796,loop_2147500420,loop_2147500712,loop_2147500216,loop_2147500184,loop_2147500320,loop_2147500596,loop_2147500092,loop_2147500428,loop_2147500248,loop_2147500400,loop_2147500756,loop_2147500060,callee_2147496292,callee_2147494396,callee_2147493868,callee_2147493932,callee_2147494492,callee_2147500000
hSVarInit	loop_2147500188,loop_2147500368,loop_2147500740,loop_2147500176,loop_2147500652,loop_2147500312,loop_2147500344,loop_2147500632,loop_2147500512,loop_2147500272,loop_2147500792,loop_2147500616,loop_2147500452,loop_2147500804,loop_2147500328,loop_2147500784,loop_2147500604,loop_2147500436,loop_2147500256,loop_2147500796,loop_2147500420,loop_2147500712,loop_2147500216,loop_2147500184,loop_2147500320,loop_2147500596,loop_2147500092,loop_2147500428,loop_2147500248,loop_2147500400,loop_2147500756,loop_2147500060,callee_2147496292,callee_2147494396,callee_2147493868,callee_2147493932,callee_2147494492,callee_2147500000
hSVarNull	loop_2147500188,loop_2147500368,loop_2147500740,loop_2147500176,loop_2147500652,loop_2147500312,loop_2147500344,loop_2147500632,loop_2147500512,loop_2147500272,loop_2147500792,loop_2147500616,loop_2147500452,loop_2147500804,loop_2147500328,loop_2147500784,loop_2147500604,loop_2147500436,loop_2147500256,loop_2147500796,loop_2147500420,loop_2147500712,loop_2147500216,loop_2147500184,loop_2147500320,loop_2147500596,loop_2147500092,loop_2147500428,loop_2147500248,loop_2147500400,loop_2147500756,loop_2147500060,callee_2147496292,callee_2147494396,callee_2147493868,callee_2147493932,callee_2147494492,callee_2147500000
hSWhileBreak	loop_2147500188,loop_2147500368,loop_2147500740,loop_2147500176,loop_2147500652,loop_2147500312,loop_2147500344,loop_2147500632,loop_2147500512,loop_2147500272,loop_2147500792,loop_2147500616,loop_2147500452,loop_2147500804,loop_2147500328,loop_2147500784,loop_2147500604,loop_2147500436,loop_2147500256,loop_2147500796,loop_2147500420,loop_2147500712,loop_2147500216,loop_2147500184,loop_2147500320,loop_2147500596,loop_2147500092,loop_2147500428,loop_2147500248,loop_2147500400,loop_2147500756,loop_2147500060,callee_2147496292,callee_2147494396,callee_2147493868,callee_2147493932,callee_2147494492,callee_2147500000
hSWhileFalse	loop_2147500188,loop_2147500368,loop_2147500740,loop_2147500176,loop_2147500652,loop_2147500312,loop_2147500344,loop_2147500632,loop_2147500512,loop_2147500272,loop_2147500792,loop_2147500616,loop_2147500452,loop_2147500804,loop_2147500328,loop_2147500784,loop_2147500604,loop_2147500436,loop_2147500256,loop_2147500796,loop_2147500420,loop_2147500712,loop_2147500216,loop_2147500184,loop_2147500320,loop_2147500596,loop_2147500092,loop_2147500428,loop_2147500248,loop_2147500400,loop_2147500756,loop_2147500060,callee_2147496292,callee_2147494396,callee_2147493868,callee_2147493932,callee_2147494492,callee_2147500000
hSForStart	loop_2147500188,loop_2147500368,loop_2147500740,loop_2147500176,loop_2147500652,loop_2147500312,loop_2147500344,loop_2147500632,loop_2147500512,loop_2147500272,loop_2147500792,loop_2147500616,loop_2147500452,loop_2147500804,loop_2147500328,loop_2147500784,loop_2147500604,loop_2147500436,loop_2147500256,loop_2147500796,loop_2147500420,loop_2147500712,loop_2147500216,loop_2147500184,loop_2147500320,loop_2147500596,loop_2147500092,loop_2147500428,loop_2147500248,loop_2147500400,loop_2147500756,loop_2147500060,callee_2147496292,callee_2147494396,callee_2147493868,callee_2147493932,callee_2147494492,callee_2147500000
hSeqNil	loop_2147501440,loop_2147501404,loop_2147501412,loop_2147501376,loop_2147501304,loop_2147501208,loop_2147501196,loop_2147501144,callee_2147493868,callee_2147500000,callee_2147496292,callee_2147507268,callee_2147494140,callee_2147508960
hSeqConsNormal	loop_2147501440,loop_2147501404,loop_2147501412,loop_2147501376,loop_2147501304,loop_2147501208,loop_2147501196,loop_2147501144,callee_2147493868,callee_2147500000,callee_2147496292,callee_2147507268,callee_2147494140,callee_2147508960
hSeqConsAbrupt	loop_2147501440,loop_2147501404,loop_2147501412,loop_2147501376,loop_2147501304,loop_2147501208,loop_2147501196,loop_2147501144,callee_2147493868,callee_2147500000,callee_2147496292,callee_2147507268,callee_2147494140,callee_2147508960
hEpilogueSpill	
hInitStore	loop_2147501960,callee_2147512488,callee_2147484032,icall_2147501956
