query	field	name	point	guard	state	predicate
hIAdd	hIAdd	binop-token	entry	true	s0	(= (ld4 (mm s0) (bvadd (select (rr s0) #x000000000000000c) #x0000000000000008)) #x000000000000000b)
hIAdd	hIAdd	left-int	0x8000351c	g382	m382	(= (ld4 (mm m382) (bvadd (select (rr m382) #x0000000000000002) #x0000000000000078)) #x0000000000000002)
hIAdd	hIAdd	right-int	0x8000351c	g382	m382	(= (ld4 (mm m382) (bvadd (select (rr m382) #x0000000000000002) #x0000000000000090)) #x0000000000000002)
hISub	hISub	binop-token	entry	true	s0	(= (ld4 (mm s0) (bvadd (select (rr s0) #x000000000000000c) #x0000000000000008)) #x000000000000000c)
hISub	hISub	left-int	0x8000351c	g382	m382	(= (ld4 (mm m382) (bvadd (select (rr m382) #x0000000000000002) #x0000000000000078)) #x0000000000000002)
hISub	hISub	right-int	0x8000351c	g382	m382	(= (ld4 (mm m382) (bvadd (select (rr m382) #x0000000000000002) #x0000000000000090)) #x0000000000000002)
hIMul	hIMul	binop-token	entry	true	s0	(= (ld4 (mm s0) (bvadd (select (rr s0) #x000000000000000c) #x0000000000000008)) #x000000000000000d)
hIMul	hIMul	left-int	0x8000351c	g382	m382	(= (ld4 (mm m382) (bvadd (select (rr m382) #x0000000000000002) #x0000000000000078)) #x0000000000000002)
hIMul	hIMul	right-int	0x8000351c	g382	m382	(= (ld4 (mm m382) (bvadd (select (rr m382) #x0000000000000002) #x0000000000000090)) #x0000000000000002)
hIDiv	hIDiv	binop-token	entry	true	s0	(= (ld4 (mm s0) (bvadd (select (rr s0) #x000000000000000c) #x0000000000000008)) #x000000000000000e)
hIDiv	hIDiv	left-int	0x8000351c	g382	m382	(= (ld4 (mm m382) (bvadd (select (rr m382) #x0000000000000002) #x0000000000000078)) #x0000000000000002)
hIDiv	hIDiv	right-int	0x8000351c	g382	m382	(= (ld4 (mm m382) (bvadd (select (rr m382) #x0000000000000002) #x0000000000000090)) #x0000000000000002)
hIDiv	hIDiv	nonzero-divisor	0x8000351c	g382	m382	(not (= (ld8 (mm m382) (bvadd (select (rr m382) #x0000000000000002) #x0000000000000098)) #x0000000000000000))
hIDiv	hIDiv	nonoverflow	0x8000351c	g382	m382	(not (and (= (ld8 (mm m382) (bvadd (select (rr m382) #x0000000000000002) #x0000000000000080)) #x8000000000000000) (= (ld8 (mm m382) (bvadd (select (rr m382) #x0000000000000002) #x0000000000000098)) #xffffffffffffffff)))
hIMod	hIMod	binop-token	entry	true	s0	(= (ld4 (mm s0) (bvadd (select (rr s0) #x000000000000000c) #x0000000000000008)) #x000000000000000f)
hIMod	hIMod	left-int	0x8000351c	g382	m382	(= (ld4 (mm m382) (bvadd (select (rr m382) #x0000000000000002) #x0000000000000078)) #x0000000000000002)
hIMod	hIMod	right-int	0x8000351c	g382	m382	(= (ld4 (mm m382) (bvadd (select (rr m382) #x0000000000000002) #x0000000000000090)) #x0000000000000002)
hIMod	hIMod	nonzero-divisor	0x8000351c	g382	m382	(not (= (ld8 (mm m382) (bvadd (select (rr m382) #x0000000000000002) #x0000000000000098)) #x0000000000000000))
hILt	hILt	binop-token	entry	true	s0	(= (ld4 (mm s0) (bvadd (select (rr s0) #x000000000000000c) #x0000000000000008)) #x0000000000000014)
hILt	hILt	left-int	0x8000351c	g382	m382	(= (ld4 (mm m382) (bvadd (select (rr m382) #x0000000000000002) #x0000000000000078)) #x0000000000000002)
hILt	hILt	right-int	0x8000351c	g382	m382	(= (ld4 (mm m382) (bvadd (select (rr m382) #x0000000000000002) #x0000000000000090)) #x0000000000000002)
hILe	hILe	binop-token	entry	true	s0	(= (ld4 (mm s0) (bvadd (select (rr s0) #x000000000000000c) #x0000000000000008)) #x0000000000000015)
hILe	hILe	left-int	0x8000351c	g382	m382	(= (ld4 (mm m382) (bvadd (select (rr m382) #x0000000000000002) #x0000000000000078)) #x0000000000000002)
hILe	hILe	right-int	0x8000351c	g382	m382	(= (ld4 (mm m382) (bvadd (select (rr m382) #x0000000000000002) #x0000000000000090)) #x0000000000000002)
hIGt	hIGt	binop-token	entry	true	s0	(= (ld4 (mm s0) (bvadd (select (rr s0) #x000000000000000c) #x0000000000000008)) #x0000000000000016)
hIGt	hIGt	left-int	0x8000351c	g382	m382	(= (ld4 (mm m382) (bvadd (select (rr m382) #x0000000000000002) #x0000000000000078)) #x0000000000000002)
hIGt	hIGt	right-int	0x8000351c	g382	m382	(= (ld4 (mm m382) (bvadd (select (rr m382) #x0000000000000002) #x0000000000000090)) #x0000000000000002)
hIGe	hIGe	binop-token	entry	true	s0	(= (ld4 (mm s0) (bvadd (select (rr s0) #x000000000000000c) #x0000000000000008)) #x0000000000000017)
hIGe	hIGe	left-int	0x8000351c	g382	m382	(= (ld4 (mm m382) (bvadd (select (rr m382) #x0000000000000002) #x0000000000000078)) #x0000000000000002)
hIGe	hIGe	right-int	0x8000351c	g382	m382	(= (ld4 (mm m382) (bvadd (select (rr m382) #x0000000000000002) #x0000000000000090)) #x0000000000000002)
hEq	hEq	binop-token	entry	true	s0	(= (ld4 (mm s0) (bvadd (select (rr s0) #x000000000000000c) #x0000000000000008)) #x0000000000000013)
hNe	hNe	binop-token	entry	true	s0	(= (ld4 (mm s0) (bvadd (select (rr s0) #x000000000000000c) #x0000000000000008)) #x0000000000000011)
hStrAddL	hStrAddL	binop-token	entry	true	s0	(= (ld4 (mm s0) (bvadd (select (rr s0) #x000000000000000c) #x0000000000000008)) #x000000000000000b)
hStrAddL	hStrAddL	left-str	0x8000351c	g382	m382	(= (ld4 (mm m382) (bvadd (select (rr m382) #x0000000000000002) #x0000000000000078)) #x0000000000000003)
hStrAddR	hStrAddR	binop-token	entry	true	s0	(= (ld4 (mm s0) (bvadd (select (rr s0) #x000000000000000c) #x0000000000000008)) #x000000000000000b)
hStrAddR	hStrAddR	right-str	0x8000351c	g382	m382	(= (ld4 (mm m382) (bvadd (select (rr m382) #x0000000000000002) #x0000000000000090)) #x0000000000000003)
hStrAddR	hStrAddR	left-not-str	0x8000351c	g382	m382	(not (= (ld4 (mm m382) (bvadd (select (rr m382) #x0000000000000002) #x0000000000000078)) #x0000000000000003))
hStrGe	hStrGe	binop-token	entry	true	s0	(= (ld4 (mm s0) (bvadd (select (rr s0) #x000000000000000c) #x0000000000000008)) #x0000000000000017)
hStrGe	hStrGe	left-str	0x8000351c	g382	m382	(= (ld4 (mm m382) (bvadd (select (rr m382) #x0000000000000002) #x0000000000000078)) #x0000000000000003)
hStrGe	hStrGe	right-str	0x8000351c	g382	m382	(= (ld4 (mm m382) (bvadd (select (rr m382) #x0000000000000002) #x0000000000000090)) #x0000000000000003)
hStrGt	hStrGt	binop-token	entry	true	s0	(= (ld4 (mm s0) (bvadd (select (rr s0) #x000000000000000c) #x0000000000000008)) #x0000000000000016)
hStrGt	hStrGt	left-str	0x8000351c	g382	m382	(= (ld4 (mm m382) (bvadd (select (rr m382) #x0000000000000002) #x0000000000000078)) #x0000000000000003)
hStrGt	hStrGt	right-str	0x8000351c	g382	m382	(= (ld4 (mm m382) (bvadd (select (rr m382) #x0000000000000002) #x0000000000000090)) #x0000000000000003)
hStrLe	hStrLe	binop-token	entry	true	s0	(= (ld4 (mm s0) (bvadd (select (rr s0) #x000000000000000c) #x0000000000000008)) #x0000000000000015)
hStrLe	hStrLe	left-str	0x8000351c	g382	m382	(= (ld4 (mm m382) (bvadd (select (rr m382) #x0000000000000002) #x0000000000000078)) #x0000000000000003)
hStrLe	hStrLe	right-str	0x8000351c	g382	m382	(= (ld4 (mm m382) (bvadd (select (rr m382) #x0000000000000002) #x0000000000000090)) #x0000000000000003)
hStrLt	hStrLt	binop-token	entry	true	s0	(= (ld4 (mm s0) (bvadd (select (rr s0) #x000000000000000c) #x0000000000000008)) #x0000000000000014)
hStrLt	hStrLt	left-str	0x8000351c	g382	m382	(= (ld4 (mm m382) (bvadd (select (rr m382) #x0000000000000002) #x0000000000000078)) #x0000000000000003)
hStrLt	hStrLt	right-str	0x8000351c	g382	m382	(= (ld4 (mm m382) (bvadd (select (rr m382) #x0000000000000002) #x0000000000000090)) #x0000000000000003)
hDivOv	hDivOv	binop-token	entry	true	s0	(= (ld4 (mm s0) (bvadd (select (rr s0) #x000000000000000c) #x0000000000000008)) #x000000000000000e)
hDivOv	hDivOv	left-int	0x8000351c	g382	m382	(= (ld4 (mm m382) (bvadd (select (rr m382) #x0000000000000002) #x0000000000000078)) #x0000000000000002)
hDivOv	hDivOv	right-int	0x8000351c	g382	m382	(= (ld4 (mm m382) (bvadd (select (rr m382) #x0000000000000002) #x0000000000000090)) #x0000000000000002)
hDivOv	hDivOv	min-dividend	0x8000351c	g382	m382	(= (ld8 (mm m382) (bvadd (select (rr m382) #x0000000000000002) #x0000000000000080)) #x8000000000000000)
hDivOv	hDivOv	minus-one-divisor	0x8000351c	g382	m382	(= (ld8 (mm m382) (bvadd (select (rr m382) #x0000000000000002) #x0000000000000098)) #xffffffffffffffff)
hNeg	hNeg	unop-token	entry	true	s0	(= (ld4 (mm s0) (bvadd (select (rr s0) #x000000000000000c) #x0000000000000008)) #x000000000000000c)
hNeg	hNeg	operand-int	0x800035ec	g124	m124	(= (ld4 (mm m124) (bvadd (select (rr m124) #x0000000000000002) #x0000000000000090)) #x0000000000000002)
hNot	hNot	unop-token	entry	true	s0	(= (ld4 (mm s0) (bvadd (select (rr s0) #x000000000000000c) #x0000000000000008)) #x0000000000000010)
hNot	hNot	operand-value	0x800035ec	g124	m124	(bvule (ld4 (mm m124) (bvadd (select (rr m124) #x0000000000000002) #x0000000000000090)) #x0000000000000005)
hAndTrue	hAndTrue	logop-token	entry	true	s0	(= (ld4 (mm s0) (bvadd (select (rr s0) #x000000000000000c) #x0000000000000008)) #x0000000000000018)
hAndTrue	hAndTrue	left-truthy	0x8000356c	g118	m118	(or (and (= (ld4 (mm m118) (bvadd (select (rr m118) #x0000000000000002) #x0000000000000078)) #x0000000000000001) (not (= (ld8 (mm m118) (bvadd (select (rr m118) #x0000000000000002) #x0000000000000080)) #x0000000000000000))) (and (= (ld4 (mm m118) (bvadd (select (rr m118) #x0000000000000002) #x0000000000000078)) #x0000000000000002) (not (= (ld8 (mm m118) (bvadd (select (rr m118) #x0000000000000002) #x0000000000000080)) #x0000000000000000))) (= (ld4 (mm m118) (bvadd (select (rr m118) #x0000000000000002) #x0000000000000078)) #x0000000000000003) (= (ld4 (mm m118) (bvadd (select (rr m118) #x0000000000000002) #x0000000000000078)) #x0000000000000004) (= (ld4 (mm m118) (bvadd (select (rr m118) #x0000000000000002) #x0000000000000078)) #x0000000000000005))
hAndTrue	hAndTrue	right-value	0x800035b0	g360	m360	(bvule (ld4 (mm m360) (bvadd (select (rr m360) #x0000000000000002) #x00000000000000f0)) #x0000000000000005)
hAndFalse	hAndFalse	logop-token	entry	true	s0	(= (ld4 (mm s0) (bvadd (select (rr s0) #x000000000000000c) #x0000000000000008)) #x0000000000000018)
hAndFalse	hAndFalse	left-falsy	0x8000356c	g118	m118	(or (= (ld4 (mm m118) (bvadd (select (rr m118) #x0000000000000002) #x0000000000000078)) #x0000000000000000) (and (= (ld4 (mm m118) (bvadd (select (rr m118) #x0000000000000002) #x0000000000000078)) #x0000000000000001) (= (ld8 (mm m118) (bvadd (select (rr m118) #x0000000000000002) #x0000000000000080)) #x0000000000000000)) (and (= (ld4 (mm m118) (bvadd (select (rr m118) #x0000000000000002) #x0000000000000078)) #x0000000000000002) (= (ld8 (mm m118) (bvadd (select (rr m118) #x0000000000000002) #x0000000000000080)) #x0000000000000000)))
hOrTrue	hOrTrue	logop-token	entry	true	s0	(= (ld4 (mm s0) (bvadd (select (rr s0) #x000000000000000c) #x0000000000000008)) #x0000000000000019)
hOrTrue	hOrTrue	left-truthy	0x8000356c	g118	m118	(or (and (= (ld4 (mm m118) (bvadd (select (rr m118) #x0000000000000002) #x0000000000000078)) #x0000000000000001) (not (= (ld8 (mm m118) (bvadd (select (rr m118) #x0000000000000002) #x0000000000000080)) #x0000000000000000))) (and (= (ld4 (mm m118) (bvadd (select (rr m118) #x0000000000000002) #x0000000000000078)) #x0000000000000002) (not (= (ld8 (mm m118) (bvadd (select (rr m118) #x0000000000000002) #x0000000000000080)) #x0000000000000000))) (= (ld4 (mm m118) (bvadd (select (rr m118) #x0000000000000002) #x0000000000000078)) #x0000000000000003) (= (ld4 (mm m118) (bvadd (select (rr m118) #x0000000000000002) #x0000000000000078)) #x0000000000000004) (= (ld4 (mm m118) (bvadd (select (rr m118) #x0000000000000002) #x0000000000000078)) #x0000000000000005))
hOrFalse	hOrFalse	logop-token	entry	true	s0	(= (ld4 (mm s0) (bvadd (select (rr s0) #x000000000000000c) #x0000000000000008)) #x0000000000000019)
hOrFalse	hOrFalse	left-falsy	0x8000356c	g118	m118	(or (= (ld4 (mm m118) (bvadd (select (rr m118) #x0000000000000002) #x0000000000000078)) #x0000000000000000) (and (= (ld4 (mm m118) (bvadd (select (rr m118) #x0000000000000002) #x0000000000000078)) #x0000000000000001) (= (ld8 (mm m118) (bvadd (select (rr m118) #x0000000000000002) #x0000000000000080)) #x0000000000000000)) (and (= (ld4 (mm m118) (bvadd (select (rr m118) #x0000000000000002) #x0000000000000078)) #x0000000000000002) (= (ld8 (mm m118) (bvadd (select (rr m118) #x0000000000000002) #x0000000000000080)) #x0000000000000000)))
hOrFalse	hOrFalse	right-value	0x80003a10	g351	m351	(bvule (ld4 (mm m351) (bvadd (select (rr m351) #x0000000000000002) #x0000000000000090)) #x0000000000000005)
hArgsCons	hArgsCons	index-below-argc	entry	true	s0	(bvslt (select (rr s0) #x0000000000000010) (select (rr s0) #x000000000000000f))
hSIfFalse	hSIfFalse	has-else	entry	true	s0	(not (= (ld8 (mm s0) (bvadd (select (rr s0) #x000000000000000b) #x0000000000000018)) #x0000000000000000))
hSIfNone	hSIfNone	no-else	entry	true	s0	(= (ld8 (mm s0) (bvadd (select (rr s0) #x000000000000000b) #x0000000000000018)) #x0000000000000000)
hSRet	hSRet	return-expr	entry	true	s0	(not (= (ld8 (mm s0) (bvadd (select (rr s0) #x000000000000000b) #x0000000000000008)) #x0000000000000000))
hSRetNull	hSRetNull	return-null	entry	true	s0	(= (ld8 (mm s0) (bvadd (select (rr s0) #x000000000000000b) #x0000000000000008)) #x0000000000000000)
hSVarInit	hSVarInit	initializer	entry	true	s0	(not (= (ld8 (mm s0) (bvadd (select (rr s0) #x000000000000000b) #x0000000000000010)) #x0000000000000000))
hSVarNull	hSVarNull	no-initializer	entry	true	s0	(= (ld8 (mm s0) (bvadd (select (rr s0) #x000000000000000b) #x0000000000000010)) #x0000000000000000)
