summary	deps
loop_2147499380	loop_2147499380,callee_2147507268,callee_2147495336,callee_2147494344
loop_2147499500	loop_2147499500,callee_2147507268,callee_2147495336,callee_2147494344
loop_2147496788	loop_2147496788,callee_2147500000
loop_2147499648	loop_2147499648,callee_2147495336,callee_2147494344
loop_2147496724	loop_2147496724,callee_2147494492
loop_2147498996	loop_2147498996,callee_2147495336,callee_2147494344
loop_2147499676	loop_2147499676,callee_2147494344,callee_2147495336
loop_2147499428	loop_2147499428,callee_2147494344,callee_2147495336,callee_2147507268
loop_2147499868	loop_2147499868,callee_2147494344,callee_2147495336
loop_2147499136	loop_2147499136,callee_2147494344,callee_2147495336
loop_2147496412	loop_2147496412,callee_2147496292
callee_2147496292	callee_2147496292,loop_2147499380,loop_2147499500,loop_2147499648,loop_2147496788,loop_2147498996,loop_2147496724,loop_2147499676,loop_2147499836,loop_2147499104,loop_2147499428,loop_2147499028,loop_2147499868,loop_2147499136,loop_2147496412,callee_2147495336,callee_2147494344,callee_2147493900,callee_2147493916,callee_2147493880,callee_2147493868,callee_2147494928,callee_2147495132,callee_2147493932,callee_2147493980,icall_2147498484,callee_2147495872,callee_2147501632,callee_2147511968,callee_2147511536,callee_2147501732,callee_2147501864,callee_2147507268,callee_2147494396,callee_2147501968,callee_2147494492,callee_2147504736,callee_2147511240,callee_2147500000,callee_2147501924,callee_2147511748,callee_2147501980
callee_2147500000	callee_2147500000,loop_2147500652,loop_2147500452,loop_2147500712,loop_2147500092,loop_2147500060,callee_2147496292,callee_2147494396,callee_2147493868,callee_2147493932,callee_2147494492
callee_2147501924	callee_2147501924,callee_2147512488,callee_2147484032,icall_2147501956
loop_2147499836	loop_2147499836,callee_2147495336,callee_2147494344
loop_2147499104	loop_2147499104,callee_2147495336,callee_2147494344
loop_2147499028	loop_2147499028,callee_2147494344,callee_2147495336
loop_2147500652	loop_2147500652,loop_2147500712,callee_2147500000,callee_2147496292,callee_2147493932
loop_2147500452	loop_2147500452,callee_2147500000
loop_2147500712	loop_2147500712,loop_2147500652,callee_2147500000,callee_2147496292,callee_2147493932
loop_2147500092	loop_2147500092,callee_2147496292,callee_2147493932,callee_2147500000
loop_2147500060	loop_2147500060,callee_2147496292,callee_2147493932
loop_2147501304	loop_2147501304,loop_2147501208,loop_2147501144,callee_2147493868,callee_2147496292,callee_2147500000,callee_2147494140,callee_2147508960
loop_2147501208	loop_2147501208,loop_2147501144,loop_2147501304,callee_2147493868,callee_2147496292,callee_2147500000,callee_2147494140,callee_2147508960
loop_2147501196	loop_2147501196,loop_2147501304,loop_2147501208,loop_2147501144,callee_2147493868,callee_2147500000,callee_2147496292,callee_2147494140,callee_2147508960
loop_2147501144	loop_2147501144,loop_2147501304,loop_2147501208,callee_2147493868,callee_2147500000,callee_2147496292,callee_2147494140,callee_2147508960
